,1stFlrSF,2ndFlrSF,BedroomAbvGr,BsmtFinSF1,BsmtUnfSF,EnclosedPorch,GarageArea,GarageYrBlt,GrLivArea,LotArea,LotFrontage,MasVnrArea,OpenPorchSF,OverallCond,OverallQual,TotalBsmtSF,WoodDeckSF,YearBuilt,YearRemodAdd,BsmtExposure_No,BsmtExposure_Yes,BsmtFinType1_BLQ,BsmtFinType1_GLQ,BsmtFinType1_LwQ,BsmtFinType1_Unf,GarageFinish_Fin,GarageFinish_RFn,GarageFinish_Unf,KitchenQual_Fa,KitchenQual_Gd,KitchenQual_TA,SalePrice
892,1068,0.0,3.0,663,396,25.330882352941178,264,1963.0,1068,8414,70.0,0.0,0,8,6,1059,103.74193548387096,1963,2003,1,0,0,1,0,0,0,1,0,0,0,1,154500
1105,1500,348.5240174672489,3.0,1032,431,25.330882352941178,712,1994.0,0,12256,98.0,362.0,32,5,8,1463,103.74193548387096,1994,1995,0,1,0,1,0,0,0,1,0,0,1,0,325000
413,1028,348.5240174672489,2.0,0,1008,25.330882352941178,360,1927.0,1028,8960,56.0,0.0,0,6,5,1008,103.74193548387096,1927,1950,1,0,0,0,0,1,0,0,1,0,0,1,115000
522,1004,348.5240174672489,3.0,399,605,25.330882352941178,420,1950.0,1664,5000,50.0,0.0,24,7,6,1004,103.74193548387096,1947,1950,1,0,1,0,0,0,0,0,1,0,0,1,159000
1036,1620,0.0,2.0,1022,598,25.330882352941178,0,2008.0,1620,12898,89.0,70.0,0,5,9,1620,103.74193548387096,2007,2008,0,1,0,1,0,0,1,0,0,1,0,0,315500
614,630,0.0,1.0,150,0,25.330882352941178,0,1978.5061638868744,630,1491,21.0,0.0,24,6,4,630,103.74193548387096,1972,1972,0,1,0,0,1,0,1,0,0,0,0,1,75500
218,1137,817.0,3.0,341,457,25.330882352941178,431,1939.0,1954,15660,70.04995836802665,312.0,119,9,7,798,0.0,1939,2006,1,0,1,0,0,0,0,0,1,0,1,0,311500
1160,855,601.0,3.0,311,544,25.330882352941178,440,1978.0,1456,2280,24.0,0.0,0,5,6,855,103.74193548387096,1978,1978,1,0,0,0,0,1,0,0,1,0,0,1,146000
649,630,0.0,1.0,131,0,25.330882352941178,0,1978.5061638868744,630,1936,21.0,0.0,0,6,4,630,103.74193548387096,1970,1970,0,1,1,0,0,0,0,0,1,0,0,1,84500
887,872,521.0,3.0,0,816,25.330882352941178,300,1955.0,1393,16466,59.0,0.0,0,7,5,816,103.74193548387096,1955,1955,1,0,0,0,0,1,0,0,1,0,0,1,135500
576,877,600.0,3.0,0,861,25.330882352941178,216,1928.0,1477,6292,52.0,0.0,50,7,7,861,0.0,1928,1950,1,0,0,0,0,1,0,0,1,0,0,1,145000
1252,874,0.0,3.0,510,354,25.330882352941178,288,1968.0,874,9858,62.0,0.0,0,6,5,864,33.0,1968,1968,1,0,0,0,0,1,0,1,0,0,0,1,130000
1061,894,0.0,2.0,0,894,25.330882352941178,0,1994.0,894,0,0.0,0.0,20,4,3,894,0.0,1935,1950,1,0,0,0,0,1,0,1,0,0,0,1,81000
567,1535,0.0,3.0,2,1515,25.330882352941178,532,2004.0,1535,10171,70.0,168.0,0,5,7,1517,0.0,2004,2004,1,0,0,1,0,0,0,1,0,0,1,0,214000
1108,948,742.0,3.0,0,924,25.330882352941178,463,2000.0,1690,8063,70.04995836802665,0.0,48,5,6,924,103.74193548387096,2000,2000,1,0,0,0,0,1,0,1,0,0,0,1,181000
1113,1008,0.0,2.0,643,365,25.330882352941178,240,1953.0,1008,8923,66.0,0.0,18,7,5,1008,103.74193548387096,1953,2006,1,0,1,0,0,0,0,0,1,0,1,0,134500
168,840,880.0,3.0,0,840,25.330882352941178,440,2004.0,1720,8244,62.0,0.0,48,5,7,840,103.74193548387096,2004,2004,1,0,0,0,0,1,1,0,0,0,1,0,183500
1102,1134,0.0,2.0,588,422,25.330882352941178,254,1960.0,1134,7000,70.0,45.0,16,7,5,1010,0.0,1960,2002,1,0,0,0,0,1,0,0,1,0,0,1,135000
1120,1012,0.0,2.0,0,1012,25.330882352941178,308,1920.0,1012,8263,59.0,0.0,22,5,6,1012,103.74193548387096,1920,1950,1,0,0,0,0,1,0,0,1,0,0,1,118400
67,1479,0.0,3.0,1013,440,25.330882352941178,558,2003.0,1479,10665,72.0,167.0,29,5,7,1453,103.74193548387096,2003,2003,0,1,0,1,0,0,0,1,0,0,1,0,226000
1040,1803,0.0,3.0,168,284,25.330882352941178,484,1957.0,1803,13125,88.0,67.0,0,4,5,1134,103.74193548387096,1957,2000,1,0,0,0,1,0,0,1,0,0,0,1,155000
453,786,348.5240174672489,3.0,0,768,25.330882352941178,676,2008.0,1590,9000,75.0,0.0,30,5,8,768,0.0,2008,2008,1,0,0,0,0,1,0,1,0,0,1,0,210000
670,738,348.5240174672489,3.0,193,545,25.330882352941178,540,2005.0,1476,8633,64.0,0.0,35,5,6,738,103.74193548387096,2005,2005,1,0,0,1,0,0,1,0,0,0,1,0,173500
1094,936,0.0,2.0,248,448,25.330882352941178,308,1956.0,936,5868,74.0,0.0,0,7,5,936,103.74193548387096,1956,2000,1,0,1,0,0,0,1,0,0,0,0,1,129000
192,1431,0.0,3.0,560,871,25.330882352941178,666,1999.0,1431,9017,68.0,0.0,35,5,7,1431,103.74193548387096,1999,1999,0,1,0,1,0,0,1,0,0,0,1,0,192000
123,1199,0.0,2.0,300,899,25.330882352941178,530,1993.0,1199,7892,55.0,0.0,63,5,6,1199,103.74193548387096,1993,1993,1,0,0,1,0,0,0,1,0,0,1,0,153900
415,1340,0.0,3.0,24,1316,25.330882352941178,396,2007.0,1340,8899,73.0,0.0,30,5,7,1340,103.74193548387096,2007,2007,0,1,0,1,0,0,1,0,0,0,1,0,181134
277,864,0.0,2.0,120,744,25.330882352941178,400,1951.0,864,0,0.0,0.0,0,5,4,864,103.74193548387096,1951,1951,1,0,0,0,1,0,0,0,1,0,0,1,141000
433,926,678.0,3.0,0,926,25.330882352941178,470,1997.0,1604,10839,100.0,0.0,36,5,6,926,0.0,1997,1998,1,0,0,0,0,1,1,0,0,0,0,1,181000
1317,1352,0.0,2.0,0,1352,25.330882352941178,466,2006.0,1352,4230,47.0,0.0,241,5,7,1352,103.74193548387096,2006,2007,1,0,0,0,0,1,0,0,1,0,1,0,208900
184,936,316.0,3.0,0,504,25.330882352941178,576,1986.0,1252,7438,92.0,0.0,0,8,5,504,104.0,1908,1991,1,0,0,0,0,1,0,0,1,0,0,1,127000
554,1006,1040.0,3.0,866,132,25.330882352941178,0,2003.0,2046,10625,85.0,292.0,62,5,7,998,103.74193548387096,2003,2004,1,0,0,1,0,0,0,1,0,0,1,0,284000
1173,1636,971.0,3.0,152,977,25.330882352941178,0,1978.5061638868744,0,0,0.0,0.0,0,6,5,1598,103.74193548387096,1946,1994,1,0,0,0,1,0,0,0,1,1,0,0,200500
76,952,0.0,2.0,228,724,25.330882352941178,283,1956.0,952,8475,70.04995836802665,0.0,0,7,4,952,103.74193548387096,1956,1956,1,0,1,0,0,0,0,0,1,0,0,1,135750
906,1636,0.0,3.0,63,1560,25.330882352941178,0,2006.0,1636,13501,0.0,208.0,60,5,8,1623,103.74193548387096,2006,2006,1,0,0,1,0,0,0,1,0,0,1,0,255000
674,1136,0.0,3.0,892,244,25.330882352941178,384,1965.0,1136,9200,80.0,0.0,0,6,6,1136,103.74193548387096,1965,1965,1,0,0,0,1,0,0,0,1,0,0,1,140000
1398,1136,768.0,3.0,180,676,25.330882352941178,240,1950.0,1904,7200,60.0,0.0,0,4,5,1208,103.74193548387096,1950,1982,1,0,0,0,1,0,0,0,1,0,0,1,138000
374,847,1081.0,4.0,0,847,25.330882352941178,434,2003.0,1928,8200,65.0,0.0,48,5,7,847,103.74193548387096,2003,2004,1,0,0,0,0,1,1,0,0,0,1,0,219500
1032,1352,1168.0,0.0,1012,326,25.330882352941178,796,1993.0,0,14541,70.04995836802665,0.0,55,7,8,1338,103.74193548387096,1993,1993,1,0,0,1,0,0,0,1,0,0,1,0,310000
259,882,0.0,2.0,0,0,25.330882352941178,308,1956.0,882,12702,70.0,0.0,45,5,5,0,103.74193548387096,1956,1956,0,1,0,0,1,0,0,0,1,0,0,1,97000
51,816,0.0,3.0,0,816,25.330882352941178,528,1985.0,1176,6240,52.0,0.0,0,6,6,816,103.74193548387096,1934,1950,1,0,0,0,0,1,0,0,1,0,0,1,114500
244,1222,888.0,3.0,695,253,25.330882352941178,463,1994.0,2110,8880,70.04995836802665,0.0,130,5,7,948,103.74193548387096,1994,2002,1,0,0,1,0,0,0,1,0,0,1,0,205000
1101,950,0.0,2.8692138133725202,412,251,25.330882352941178,280,1981.0,950,9758,61.0,0.0,0,5,5,950,103.74193548387096,1971,1971,1,0,1,0,0,0,0,0,1,0,0,1,119500
581,0,0.0,3.0,0,2042,25.330882352941178,0,2009.0,2042,12704,98.0,306.0,90,5,8,0,103.74193548387096,2008,2009,1,0,0,0,0,1,0,1,0,1,0,0,253293
679,988,0.0,3.0,827,161,25.330882352941178,572,1963.0,988,9945,70.04995836802665,57.0,0,5,5,988,103.74193548387096,1961,1961,1,0,0,0,1,0,0,0,1,0,0,1,128500
1132,1178,1032.0,0.0,0,1008,25.330882352941178,205,1930.0,2210,9900,90.0,0.0,48,4,6,1008,103.74193548387096,1880,1950,0,1,0,0,0,1,0,0,1,1,0,0,117500
1220,912,0.0,2.0,312,0,25.330882352941178,288,1964.0,912,7800,66.0,0.0,0,5,5,912,103.74193548387096,1964,1964,1,0,0,0,1,0,0,0,1,0,0,1,115000
49,955,0.0,3.0,763,192,25.330882352941178,386,1966.0,955,7742,66.0,0.0,0,7,5,955,103.74193548387096,1966,1966,1,0,1,0,0,0,0,0,1,0,0,1,127000
591,1728,568.0,3.0,0,384,25.330882352941178,842,2008.0,2296,13478,97.0,420.0,274,5,10,1722,103.74193548387096,2008,2008,0,1,0,1,0,0,0,1,0,1,0,0,451950
1269,874,650.0,3.0,460,414,25.330882352941178,315,1958.0,1524,11344,78.0,180.0,0,5,5,874,103.74193548387096,1958,1958,1,0,1,0,0,0,0,0,1,0,0,1,144000
1249,988,0.0,3.0,534,246,25.330882352941178,276,1950.0,988,7200,60.0,0.0,80,7,5,876,103.74193548387096,1950,1950,1,0,1,0,0,0,0,0,1,0,0,1,119000
1138,1567,0.0,2.0,0,0,25.330882352941178,714,1977.0,1567,9819,70.04995836802665,0.0,32,5,6,1567,103.74193548387096,1977,1977,0,1,1,0,0,0,0,1,0,0,1,0,196000
490,616,688.0,3.0,0,264,25.330882352941178,336,1976.0,1304,2665,70.04995836802665,0.0,24,6,5,264,141.0,1976,1976,0,1,0,0,0,1,1,0,0,0,0,1,115000
1024,0,0.0,2.0,1165,0,25.330882352941178,665,1976.0,0,15498,70.04995836802665,0.0,72,6,8,1565,103.74193548387096,1976,1976,0,1,1,0,0,0,1,0,0,0,1,0,287000
811,848,0.0,1.0,662,186,25.330882352941178,420,2004.0,848,4438,70.04995836802665,169.0,0,5,6,848,103.74193548387096,2004,2004,0,1,0,1,0,0,1,0,0,0,1,0,144500
141,1734,0.0,3.0,0,434,25.330882352941178,660,2005.0,1734,11645,78.0,0.0,24,5,7,1734,103.74193548387096,2005,2005,0,1,0,1,0,0,0,0,1,0,1,0,260000
846,1006,769.0,3.0,513,227,25.330882352941178,425,1993.0,1775,9317,75.0,137.0,72,5,7,740,103.74193548387096,1993,1993,1,0,1,0,0,0,0,0,1,0,1,0,213000
925,1126,0.0,3.0,767,266,25.330882352941178,540,1977.0,1126,15611,70.04995836802665,0.0,0,6,5,1126,103.74193548387096,1977,1977,0,1,1,0,0,0,0,1,0,1,0,0,175000
772,1117,0.0,3.0,422,480,25.330882352941178,672,1976.0,1117,7819,94.0,0.0,0,5,6,1029,103.74193548387096,1976,1976,0,1,1,0,0,0,0,0,1,0,0,1,107000
532,827,0.0,2.0,0,0,25.330882352941178,392,1967.0,827,7200,60.0,0.0,0,7,5,0,103.74193548387096,1955,2007,0,1,0,0,1,0,0,0,1,0,0,1,107500
29,520,0.0,1.0,0,520,25.330882352941178,240,1920.0,520,6324,60.0,0.0,0,6,4,520,103.74193548387096,1927,1950,1,0,0,0,0,1,0,0,1,1,0,0,68500
1299,1246,0.0,3.0,340,0,25.330882352941178,305,1959.0,1246,7500,75.0,0.0,0,7,5,1246,103.74193548387096,1959,1994,1,0,0,0,1,0,0,1,0,0,1,0,154000
65,1143,1330.0,4.0,0,1143,25.330882352941178,0,2004.0,0,9591,76.0,344.0,151,5,8,1143,103.74193548387096,2004,2005,0,1,0,0,0,1,0,0,1,0,1,0,317000
765,1506,0.0,2.0,0,1498,25.330882352941178,592,2008.0,1506,14587,75.0,284.0,174,5,9,1498,103.74193548387096,2008,2008,1,0,0,0,0,1,0,0,1,1,0,0,264132
1347,1776,0.0,3.0,80,1652,25.330882352941178,712,2006.0,1776,15306,93.0,100.0,0,5,8,1732,103.74193548387096,2006,2007,0,1,0,1,0,0,1,0,0,0,1,0,283463
175,0,0.0,4.0,477,725,25.330882352941178,576,1950.0,2158,12615,84.0,0.0,29,7,6,1202,103.74193548387096,1950,2001,0,1,1,0,0,0,0,0,1,0,1,0,243000
394,735,299.0,2.0,0,735,25.330882352941178,240,1940.0,1034,10134,60.0,0.0,39,6,5,735,103.74193548387096,1940,1950,1,0,0,0,0,1,0,0,1,0,0,1,109000
619,1482,780.0,2.8692138133725202,871,611,25.330882352941178,749,2003.0,2262,12244,85.0,226.0,0,5,8,1482,103.74193548387096,2003,2003,0,1,0,1,0,0,1,0,0,0,1,0,305000
1131,974,0.0,3.0,212,762,25.330882352941178,0,1978.5061638868744,974,10712,63.0,0.0,28,5,5,974,103.74193548387096,1991,1992,0,1,1,0,0,0,1,0,0,0,0,1,93500
115,729,729.0,2.0,419,310,25.330882352941178,440,1999.0,1458,3230,34.0,1129.0,32,5,6,729,103.74193548387096,1999,1999,1,0,0,1,0,0,0,0,1,0,0,1,176000
894,1535,0.0,4.0,0,0,25.330882352941178,400,1979.0,1535,7018,64.0,0.0,0,5,5,0,103.74193548387096,1979,1979,0,1,0,0,1,0,0,0,1,0,0,1,118858
1221,1211,0.0,3.0,250,210,0.0,322,1968.0,1211,8250,55.0,0.0,63,5,5,952,0.0,1968,1968,1,0,1,0,0,0,0,0,1,0,0,1,134000
427,907,0.0,3.0,288,619,25.330882352941178,352,1964.0,907,8593,77.0,0.0,0,6,4,907,103.74193548387096,1957,1957,1,0,0,0,1,0,0,0,1,0,0,1,109008
736,1040,0.0,2.0,0,0,25.330882352941178,400,1949.0,1040,8544,60.0,0.0,0,4,3,0,103.74193548387096,1950,1950,0,1,0,0,0,1,0,0,1,0,0,1,93500
898,0,0.0,2.8692138133725202,0,142,25.330882352941178,820,2009.0,2364,12919,100.0,760.0,67,5,9,0,103.74193548387096,2009,2010,0,1,0,1,0,0,1,0,0,1,0,0,611657
682,1291,0.0,2.0,1003,288,0.0,431,1996.0,1291,2887,70.04995836802665,0.0,0,5,6,1291,307.0,1996,1997,0,1,0,1,0,0,0,0,1,0,1,0,173000
990,1407,985.0,3.0,1074,322,25.330882352941178,0,1997.0,2392,9452,82.0,423.0,70,5,8,1396,103.74193548387096,1997,1998,1,0,0,1,0,0,1,0,0,0,1,0,348000
718,1325,1093.0,3.0,1173,138,25.330882352941178,0,1993.0,2418,10542,96.0,651.0,154,5,7,1311,103.74193548387096,1993,1994,0,1,0,1,0,0,0,1,0,0,1,0,341000
44,1150,0.0,3.0,179,465,25.330882352941178,300,1959.0,1150,7945,70.0,0.0,0,6,5,1150,103.74193548387096,1959,1959,1,0,1,0,0,0,0,1,0,0,0,1,141000
59,780,0.0,2.0,632,148,25.330882352941178,352,1973.0,780,7200,60.0,0.0,0,7,5,780,196.0,1972,1972,0,1,1,0,0,0,0,0,1,0,0,1,124900
363,483,504.0,2.8692138133725202,162,321,25.330882352941178,264,1972.0,987,1680,21.0,510.0,0,8,6,483,103.74193548387096,1972,2007,1,0,1,0,0,0,0,0,1,0,1,0,118000
398,1077,0.0,2.0,0,961,25.330882352941178,338,1920.0,1077,8967,60.0,0.0,0,2,5,961,103.74193548387096,1920,1950,1,0,0,0,0,1,0,0,1,0,0,1,67000
422,988,0.0,2.0,0,988,25.330882352941178,520,1954.0,988,0,100.0,0.0,0,5,5,988,103.74193548387096,1954,1954,1,0,0,0,0,1,0,1,0,0,0,1,113000
494,886,0.0,2.0,0,190,25.330882352941178,273,1938.0,886,5784,50.0,0.0,20,8,5,190,103.74193548387096,1938,1996,1,0,0,0,0,1,0,0,1,0,0,1,91300
416,672,728.0,2.8692138133725202,209,463,25.330882352941178,440,1978.0,1400,7844,74.0,203.0,0,7,6,672,103.74193548387096,1978,1978,1,0,1,0,0,0,1,0,0,0,0,1,149500
584,989,584.0,3.0,0,884,25.330882352941178,240,1935.0,1573,6120,51.0,0.0,0,7,4,884,103.74193548387096,1935,1995,1,0,0,0,0,1,0,0,1,0,1,0,133000
270,1095,844.0,3.0,0,1095,25.330882352941178,0,2006.0,1939,10728,84.0,0.0,51,5,8,1095,103.74193548387096,2006,2006,0,1,0,0,0,1,0,1,0,0,1,0,266000
351,1453,0.0,2.8692138133725202,1082,371,25.330882352941178,445,1986.0,1453,5271,70.04995836802665,0.0,80,5,7,1453,103.74193548387096,1986,1986,0,1,0,1,0,0,0,1,0,0,1,0,190000
1078,848,0.0,2.8692138133725202,662,186,25.330882352941178,420,2004.0,848,4435,37.0,169.0,0,5,6,848,103.74193548387096,2004,2004,0,1,0,1,0,0,0,1,0,0,1,0,155900
1344,728,728.0,3.0,0,728,25.330882352941178,440,2006.0,1456,11103,85.0,0.0,0,5,7,728,103.74193548387096,2006,2006,1,0,0,0,0,1,1,0,0,0,1,0,155835
836,1559,0.0,2.8692138133725202,338,1221,25.330882352941178,812,1948.0,1559,8100,90.0,0.0,116,6,5,1559,103.74193548387096,1948,1973,1,0,0,0,1,0,0,0,1,0,0,1,153500
643,780,840.0,4.0,493,0,25.330882352941178,462,1969.0,1620,10793,80.0,263.0,0,5,5,780,103.74193548387096,1969,1969,1,0,0,0,1,0,1,0,0,0,0,1,152000
274,816,0.0,2.8692138133725202,546,270,25.330882352941178,264,1982.0,816,8314,76.0,0.0,0,7,5,816,103.74193548387096,1982,1982,0,1,1,0,0,0,0,0,1,0,0,1,124500
322,1553,1177.0,4.0,28,0,25.330882352941178,576,1987.0,0,10380,86.0,172.0,96,5,7,1502,103.74193548387096,1986,1987,0,1,0,0,1,0,0,0,1,0,1,0,301000
78,1768,0.0,4.0,0,1768,25.330882352941178,0,1978.5061638868744,1768,10778,72.0,0.0,0,5,4,0,103.74193548387096,1968,1968,1,0,0,0,0,1,1,0,0,0,0,1,136500
922,1316,0.0,3.0,28,1288,25.330882352941178,397,2005.0,1316,10237,65.0,0.0,0,5,6,1316,103.74193548387096,2005,2006,1,0,0,1,0,0,1,0,0,0,1,0,169990
275,952,596.0,2.8692138133725202,0,952,25.330882352941178,672,1978.0,1548,7264,55.0,0.0,0,7,7,952,103.74193548387096,1925,2007,1,0,0,0,0,1,0,0,1,1,0,0,205000
1265,713,739.0,3.0,450,241,25.330882352941178,506,1999.0,1452,3735,35.0,218.0,34,5,7,691,103.74193548387096,1999,1999,1,0,0,1,0,0,0,0,1,0,1,0,183900
220,1498,0.0,2.0,0,1498,25.330882352941178,675,2006.0,1498,8990,73.0,0.0,33,5,7,1498,351.0,2006,2006,0,1,0,0,0,1,0,0,1,0,1,0,204900
316,1153,348.5240174672489,4.0,692,153,25.330882352941178,484,1983.0,2353,13005,94.0,278.0,195,7,7,845,103.74193548387096,1980,1980,1,0,0,1,0,0,0,1,0,1,0,0,260000
1006,1657,0.0,3.0,1237,420,25.330882352941178,484,1970.0,1657,12155,70.04995836802665,0.0,0,3,6,1657,103.74193548387096,1970,1970,1,0,0,0,1,0,0,0,1,0,0,1,163500
1240,884,884.0,2.8692138133725202,550,334,25.330882352941178,543,2003.0,1768,8158,65.0,252.0,63,5,7,884,103.74193548387096,2003,2003,1,0,0,1,0,0,0,0,1,0,1,0,224900
70,0,0.0,3.0,0,343,25.330882352941178,516,1973.0,2223,13651,95.0,1115.0,0,6,7,0,300.0,1973,1973,0,1,1,0,0,0,1,0,0,0,0,1,244000
15,854,0.0,2.0,0,832,25.330882352941178,576,1991.0,854,6120,51.0,0.0,112,8,7,832,103.74193548387096,1929,2001,1,0,0,0,0,1,0,0,1,0,0,1,132000
1164,1432,0.0,2.0,680,289,25.330882352941178,588,1978.0,1432,16157,70.04995836802665,0.0,180,7,5,1360,103.74193548387096,1978,1978,0,1,1,0,0,0,0,0,1,0,1,0,194000
1320,1478,0.0,3.0,189,628,25.330882352941178,442,1957.0,1478,8400,70.0,0.0,0,3,6,1478,103.74193548387096,1957,1957,1,0,1,0,0,0,0,1,0,0,0,1,156500
754,1026,348.5240174672489,3.0,439,115,25.330882352941178,440,1969.0,1026,7930,61.0,0.0,48,8,6,1026,103.74193548387096,1969,2005,1,0,0,1,0,0,0,1,0,0,1,0,156000
720,1742,0.0,2.0,1148,594,25.330882352941178,564,1985.0,1742,6563,70.04995836802665,0.0,28,5,8,1742,103.74193548387096,1985,1985,0,1,0,1,0,0,0,1,0,0,1,0,275000
1047,990,0.0,3.0,686,304,25.330882352941178,672,1996.0,990,9245,57.0,0.0,0,5,5,990,103.74193548387096,1994,1995,1,0,0,1,0,0,0,0,1,0,0,1,145000
628,1040,1040.0,0.0,650,390,25.330882352941178,504,1969.0,2080,11606,70.0,192.0,0,5,5,1040,103.74193548387096,1969,1969,0,1,0,0,1,0,0,0,1,1,0,0,135000
636,800,0.0,1.0,0,264,0.0,0,1978.5061638868744,800,6120,51.0,0.0,0,3,2,264,103.74193548387096,1936,1950,1,0,0,0,0,1,1,0,0,1,0,0,60000
464,1040,0.0,3.0,616,424,25.330882352941178,0,1978.5061638868744,1040,8430,60.0,136.0,0,5,5,1040,103.74193548387096,1978,1978,1,0,0,0,1,0,1,0,0,0,0,1,124000
855,1040,0.0,3.0,659,381,25.330882352941178,260,1962.0,1040,6897,70.04995836802665,0.0,104,8,5,1040,103.74193548387096,1962,2010,1,0,1,0,0,0,0,0,1,0,0,1,127000
1397,939,574.0,4.0,0,939,25.330882352941178,180,1933.0,1513,6120,51.0,0.0,0,8,5,939,24.0,1920,2004,0,1,0,0,0,1,0,0,1,0,0,1,137500
382,939,858.0,3.0,0,939,0.0,639,2006.0,1797,9245,79.0,0.0,53,5,7,939,144.0,2006,2006,0,1,0,0,0,1,0,0,1,0,1,0,213500
1428,804,0.0,2.8692138133725202,510,278,25.330882352941178,240,1940.0,804,7200,60.0,294.0,0,7,5,788,103.74193548387096,1940,1992,1,0,1,0,0,0,0,0,1,0,1,0,119000
788,901,0.0,2.0,0,901,0.0,281,1954.0,901,6000,50.0,0.0,0,7,4,901,103.74193548387096,1954,2000,1,0,0,0,0,1,0,0,1,0,0,1,107900
1340,872,0.0,3.0,0,858,25.330882352941178,480,1974.0,872,8294,70.0,0.0,0,5,4,858,103.74193548387096,1971,1971,1,0,0,0,0,1,0,0,1,0,0,1,123000
1216,1318,584.0,4.0,0,0,25.330882352941178,539,1978.0,1902,8930,68.0,0.0,0,5,6,0,103.74193548387096,1978,1978,0,1,0,0,1,0,0,0,1,0,0,1,112000
332,1629,0.0,3.0,1124,1603,25.330882352941178,0,2003.0,1629,10655,85.0,296.0,0,5,8,0,103.74193548387096,2003,2004,1,0,0,1,0,0,0,0,1,0,1,0,284000
543,767,0.0,1.0,584,0,0.0,367,1998.0,767,4058,34.0,182.0,40,5,7,723,103.74193548387096,1998,1998,0,1,0,1,0,0,1,0,0,0,0,1,133000
203,848,0.0,1.0,662,186,0.0,420,2004.0,848,4438,70.04995836802665,205.0,0,5,6,848,103.74193548387096,2004,2004,0,1,0,1,0,0,0,1,0,0,1,0,149000
1134,916,684.0,3.0,0,916,25.330882352941178,460,1997.0,1600,8773,57.0,0.0,38,5,6,916,103.74193548387096,1997,1997,0,1,0,0,0,1,1,0,0,0,0,1,169000
1414,1053,795.0,4.0,0,833,25.330882352941178,370,1922.0,1848,13053,64.0,0.0,0,7,6,833,103.74193548387096,1923,2000,1,0,0,0,0,1,0,0,1,0,1,0,207000
429,1412,0.0,3.0,1005,387,25.330882352941178,576,1988.0,1412,11457,0.0,0.0,0,5,6,1392,103.74193548387096,1988,1988,0,1,0,1,0,0,0,0,1,0,1,0,175000
1272,935,0.0,3.0,560,0,25.330882352941178,288,1965.0,935,13526,70.04995836802665,114.0,0,6,5,935,103.74193548387096,1965,1965,1,0,1,0,0,0,0,0,1,0,0,1,137000
746,980,1276.0,4.0,300,652,25.330882352941178,554,2000.0,2256,8795,70.04995836802665,0.0,54,5,7,952,103.74193548387096,2000,2000,1,0,0,1,0,0,1,0,0,0,1,0,236000
589,779,0.0,2.0,0,742,25.330882352941178,308,1988.0,935,9100,50.0,0.0,0,6,5,742,103.74193548387096,1930,1960,1,0,0,0,0,1,0,0,1,0,0,1,79500
838,1099,0.0,3.0,0,1099,25.330882352941178,352,1999.0,1099,9525,75.0,0.0,0,6,5,1099,103.74193548387096,1995,2006,1,0,0,0,0,1,0,0,1,0,1,0,144000
1293,832,832.0,4.0,194,638,25.330882352941178,528,1976.0,1664,10140,78.0,0.0,28,5,7,832,103.74193548387096,1976,1976,1,0,0,1,0,0,0,1,0,0,0,1,162900
590,770,812.0,3.0,490,280,25.330882352941178,520,2004.0,1582,8320,64.0,0.0,45,5,7,770,0.0,2004,2004,1,0,0,1,0,0,0,1,0,0,1,0,185900
585,0,0.0,2.0,0,408,25.330882352941178,0,2005.0,2028,11443,88.0,208.0,66,5,8,0,103.74193548387096,2005,2006,0,1,0,1,0,0,0,1,0,0,1,0,369900
1201,866,913.0,2.8692138133725202,0,866,0.0,546,1998.0,1779,10400,80.0,0.0,36,5,7,866,103.74193548387096,1998,1998,0,1,0,0,0,1,0,1,0,0,1,0,197900
198,929,929.0,0.0,0,755,25.330882352941178,0,1978.5061638868744,2229,5520,92.0,0.0,198,6,6,755,103.74193548387096,1912,1950,1,0,0,0,0,1,1,0,0,0,0,1,104000
916,480,0.0,2.8692138133725202,50,430,25.330882352941178,308,1958.0,480,9000,50.0,0.0,0,3,2,480,103.74193548387096,1949,1950,0,1,1,0,0,0,0,0,1,0,0,1,35311
994,1718,348.5240174672489,3.0,1172,528,25.330882352941178,786,2008.0,1718,12456,96.0,230.0,48,5,10,1700,216.0,2006,2007,0,1,0,1,0,0,1,0,0,1,0,0,337500
1228,1702,0.0,1.0,0,162,25.330882352941178,0,2008.0,1702,8769,65.0,766.0,72,5,9,1702,103.74193548387096,2008,2008,1,0,0,1,0,0,1,0,0,1,0,0,367294
43,938,0.0,3.0,280,167,25.330882352941178,308,1977.0,938,9200,70.04995836802665,0.0,0,6,5,938,145.0,1975,1980,0,1,0,0,1,0,0,0,1,0,0,1,130250
1033,1654,0.0,3.0,986,668,25.330882352941178,0,2002.0,1654,8125,70.04995836802665,295.0,136,5,7,1654,103.74193548387096,2002,2002,1,0,0,1,0,0,0,0,1,0,1,0,230000
691,0,1872.0,4.0,0,989,0.0,832,1994.0,0,0,104.0,1170.0,50,6,10,0,382.0,1994,1995,0,1,0,1,0,0,1,0,0,1,0,0,755000
231,1490,1304.0,4.0,689,773,25.330882352941178,810,1995.0,0,15138,0.0,506.0,146,5,8,1462,103.74193548387096,1995,1996,1,0,0,0,0,1,1,0,0,1,0,0,403000
526,928,0.0,2.0,377,551,25.330882352941178,252,1956.0,928,13300,70.0,0.0,0,7,5,928,103.74193548387096,1956,2000,1,0,0,0,1,0,0,0,1,0,0,1,132000
101,977,755.0,3.0,0,741,25.330882352941178,476,1985.0,1732,9206,77.0,336.0,46,5,6,741,103.74193548387096,1985,1985,1,0,0,0,0,1,1,0,0,0,1,0,178000
1092,1390,304.0,4.0,423,758,25.330882352941178,576,1925.0,1694,8400,60.0,0.0,0,5,6,1181,103.74193548387096,1925,1950,1,0,0,0,1,0,0,0,1,0,0,1,136500
411,1056,0.0,3.0,1056,0,25.330882352941178,572,1955.0,1056,0,100.0,0.0,0,5,5,1056,103.74193548387096,1955,1955,0,1,0,0,1,0,1,0,0,0,0,1,145000
1392,900,0.0,3.0,769,95,25.330882352941178,288,1967.0,900,7838,68.0,0.0,144,5,5,864,103.74193548387096,1967,1967,0,1,1,0,0,0,0,1,0,0,0,1,123000
907,1020,1037.0,3.0,223,794,0.0,180,1936.0,2057,11500,86.0,0.0,0,7,7,1017,103.74193548387096,1936,1987,1,0,0,0,1,0,1,0,0,0,1,0,250000
782,1430,0.0,3.0,0,1413,0.0,605,2001.0,1430,16285,67.0,0.0,33,5,7,1413,103.74193548387096,2001,2002,1,0,0,0,0,1,0,1,0,0,1,0,187100
952,768,0.0,2.0,660,108,25.330882352941178,396,1974.0,768,7200,60.0,0.0,0,8,5,768,103.74193548387096,1972,2003,0,1,0,0,0,1,1,0,0,0,0,1,133900
620,864,348.5240174672489,2.0,41,823,25.330882352941178,0,1978.5061638868744,864,8248,45.0,0.0,0,3,3,864,103.74193548387096,1914,1950,1,0,1,0,0,0,1,0,0,0,0,1,67000
669,1180,0.0,2.0,0,700,25.330882352941178,252,1922.0,1180,11600,80.0,0.0,0,5,4,700,103.74193548387096,1922,1950,1,0,0,0,0,1,0,0,1,1,0,0,137500
128,660,688.0,3.0,512,148,25.330882352941178,453,1966.0,1348,7590,69.0,266.0,108,5,6,660,103.74193548387096,1966,1966,1,0,1,0,0,0,0,1,0,0,0,1,155000
529,0,0.0,4.0,1219,816,25.330882352941178,484,1975.0,0,0,70.04995836802665,103.68526170798899,0,3,6,0,103.74193548387096,1957,1975,1,0,0,0,1,0,0,0,1,0,0,1,200624
910,1105,1169.0,0.0,443,662,25.330882352941178,480,1960.0,2274,11600,80.0,361.0,0,5,5,1105,103.74193548387096,1960,1960,1,0,0,0,1,0,0,0,1,0,0,1,154300
998,1077,0.0,3.0,0,1007,25.330882352941178,210,1922.0,1077,9786,60.0,0.0,100,4,3,1007,103.74193548387096,1922,1950,1,0,0,0,0,1,0,0,1,0,0,1,91000
1450,896,896.0,4.0,0,896,25.330882352941178,0,1978.5061638868744,1792,9000,60.0,0.0,45,5,5,896,103.74193548387096,1974,1974,1,0,0,0,0,1,1,0,0,0,0,1,136000
1163,1258,0.0,0.0,1198,0,0.0,400,1969.0,1258,12900,60.0,0.0,0,4,4,1198,103.74193548387096,1969,1969,0,1,0,0,0,1,0,0,1,0,0,1,108959
247,1375,0.0,2.0,0,1367,25.330882352941178,451,1954.0,1375,11310,75.0,0.0,30,5,6,1367,103.74193548387096,1954,1954,1,0,0,0,0,1,0,0,1,0,0,1,140000
528,605,0.0,2.0,348,180,25.330882352941178,0,1978.5061638868744,605,9098,58.0,0.0,0,7,4,528,103.74193548387096,1920,2002,0,1,0,0,0,1,0,0,1,0,0,1,86000
733,1144,0.0,3.0,594,270,25.330882352941178,264,1961.0,1144,10000,80.0,0.0,0,6,5,864,103.74193548387096,1961,1983,1,0,1,0,0,0,0,1,0,0,0,1,131400
32,1234,0.0,3.0,0,1234,0.0,484,2007.0,1234,11049,85.0,0.0,30,5,8,1234,103.74193548387096,2007,2007,0,1,0,0,0,1,0,1,0,0,1,0,179900
634,1056,0.0,0.0,1056,0,25.330882352941178,576,1980.0,1056,6979,64.0,0.0,56,5,6,1056,103.74193548387096,1980,1980,1,0,0,1,0,0,0,0,1,0,0,1,144000
1027,1646,0.0,3.0,0,125,25.330882352941178,800,2008.0,1646,9520,71.0,338.0,44,5,8,1638,192.0,2007,2008,0,1,0,1,0,0,0,1,0,0,1,0,293077
1053,1526,0.0,4.0,383,833,25.330882352941178,364,1957.0,1526,8562,68.0,145.0,78,6,5,1216,116.0,1957,2002,0,1,0,0,1,0,0,0,1,0,0,1,144500
575,832,384.0,2.0,442,390,25.330882352941178,336,1947.0,1216,8480,80.0,0.0,0,5,5,832,103.74193548387096,1947,1950,1,0,0,0,1,0,0,0,1,0,0,1,118500
843,1800,0.0,0.0,0,1800,25.330882352941178,0,1978.5061638868744,1800,8000,80.0,0.0,0,4,5,0,103.74193548387096,1961,1961,1,0,0,0,0,1,1,0,0,0,0,1,141000
297,975,975.0,3.0,649,326,25.330882352941178,576,1997.0,1950,7399,66.0,1600.0,10,5,7,975,103.74193548387096,1997,1998,1,0,0,0,0,1,0,1,0,0,1,0,239000
261,1482,1092.0,3.0,0,1482,25.330882352941178,0,2007.0,0,9588,69.0,270.0,148,5,8,1482,103.74193548387096,2007,2007,1,0,0,0,0,1,1,0,0,1,0,0,276000
1046,0,876.0,4.0,240,1752,25.330882352941178,716,2005.0,0,16056,85.0,208.0,108,5,9,0,103.74193548387096,2005,2006,0,1,0,1,0,0,1,0,0,1,0,0,556581
939,1207,1196.0,2.8692138133725202,0,1032,25.330882352941178,349,1940.0,2403,0,70.04995836802665,0.0,0,7,7,1032,103.74193548387096,1940,1950,0,1,0,0,0,1,0,0,1,0,0,1,244400
309,0,0.0,3.0,1274,622,25.330882352941178,708,2003.0,1944,12378,90.0,0.0,175,5,9,0,103.74193548387096,2003,2004,0,1,0,0,0,1,1,0,0,1,0,0,360000
163,882,0.0,1.0,0,882,25.330882352941178,0,1978.5061638868744,882,5500,55.0,0.0,0,6,4,882,103.74193548387096,1956,1956,1,0,0,0,0,1,1,0,0,0,0,1,103200
1009,1008,0.0,4.0,0,1008,138.0,0,1978.5061638868744,1522,6000,60.0,0.0,0,5,5,1008,103.74193548387096,1926,1950,1,0,0,0,0,1,1,0,0,0,0,1,102000
599,716,840.0,3.0,81,23,25.330882352941178,452,1980.0,1556,1950,24.0,0.0,0,6,6,716,103.74193548387096,1980,1980,1,0,0,0,0,1,1,0,0,0,0,1,151000
1175,0,743.0,4.0,700,983,25.330882352941178,541,1992.0,0,10678,85.0,337.0,33,5,8,1683,103.74193548387096,1992,2000,1,0,0,1,0,0,1,0,0,0,1,0,285000
371,1120,468.0,4.0,0,0,25.330882352941178,680,1991.0,1588,17120,80.0,0.0,59,4,4,0,103.74193548387096,1959,1959,0,1,0,0,1,0,1,0,0,0,0,1,134432
239,798,348.5240174672489,3.0,94,641,0.0,220,1949.0,1487,8741,52.0,0.0,140,4,6,735,103.74193548387096,1945,1950,1,0,0,0,1,0,0,0,1,0,0,1,113000
881,1187,530.0,3.0,902,254,25.330882352941178,400,1990.0,1717,13758,44.0,117.0,36,5,7,1156,103.74193548387096,1990,1991,0,1,0,0,1,0,0,1,0,0,1,0,187500
1333,803,557.0,2.0,0,803,25.330882352941178,297,1951.0,1360,7200,60.0,0.0,65,6,5,803,103.74193548387096,1938,1995,1,0,0,0,0,1,0,0,1,0,1,0,125500
1358,769,804.0,3.0,378,378,25.330882352941178,440,2000.0,1573,2117,70.04995836802665,216.0,32,5,6,756,103.74193548387096,2000,2000,1,0,0,1,0,0,0,0,1,0,1,0,177500
1156,1265,0.0,3.0,633,586,25.330882352941178,502,1965.0,1265,9350,85.0,0.0,92,8,5,1219,103.74193548387096,1965,1999,0,1,1,0,0,0,0,1,0,0,1,0,179900
812,1044,0.0,2.0,0,540,25.330882352941178,504,1952.0,1044,8712,66.0,0.0,0,5,5,540,0.0,1952,1952,0,1,0,0,0,1,0,0,1,1,0,0,55993
1331,954,0.0,3.0,483,428,0.0,576,1976.0,954,10780,55.0,0.0,0,5,5,911,0.0,1976,1976,0,1,1,0,0,0,0,0,1,0,0,1,132500
425,707,682.0,3.0,0,651,25.330882352941178,240,1947.0,1389,3378,60.0,0.0,0,8,7,651,103.74193548387096,1946,1992,1,0,0,0,0,1,0,0,1,0,0,1,135000
1054,1091,898.0,3.0,932,133,25.330882352941178,586,2002.0,1989,11367,90.0,210.0,60,5,8,1065,103.74193548387096,2002,2002,0,1,0,1,0,0,1,0,0,0,1,0,255000
63,902,808.0,3.0,0,576,25.330882352941178,480,1990.0,1710,10300,50.0,0.0,11,6,7,576,103.74193548387096,1921,1950,1,0,0,0,0,1,0,0,1,0,0,1,140000
817,1689,0.0,3.0,1218,350,25.330882352941178,0,2002.0,1689,13265,70.04995836802665,148.0,59,5,8,1568,103.74193548387096,2002,2002,1,0,0,1,0,0,0,1,0,0,1,0,271000
1394,1500,0.0,2.8692138133725202,1070,286,25.330882352941178,648,2006.0,1500,4045,53.0,45.0,20,5,7,1356,103.74193548387096,2006,2006,0,1,0,1,0,0,1,0,0,0,1,0,246578
1306,1368,0.0,2.0,0,1368,25.330882352941178,474,2005.0,1368,6955,48.0,94.0,35,5,7,1368,103.74193548387096,2005,2006,1,0,0,0,0,1,0,1,0,0,1,0,202500
915,546,546.0,3.0,0,546,25.330882352941178,286,1970.0,1092,2001,21.0,80.0,0,5,4,546,103.74193548387096,1970,1970,1,0,0,0,0,1,0,0,1,0,0,1,75000
432,765,600.0,2.0,471,294,25.330882352941178,440,1971.0,1365,1920,24.0,376.0,36,5,5,765,103.74193548387096,1971,1971,1,0,1,0,0,0,0,0,1,0,0,1,122500
693,1073,0.0,2.0,0,1073,25.330882352941178,326,1968.0,1073,5400,60.0,0.0,0,6,5,1073,103.74193548387096,1921,1968,1,0,0,0,0,1,0,0,1,0,0,1,108480
966,976,332.0,2.0,428,300,25.330882352941178,256,1940.0,1308,9600,0.0,0.0,70,7,5,728,103.74193548387096,1940,1950,1,0,0,0,1,0,0,0,1,0,0,1,160000
1170,1118,0.0,3.0,522,574,25.330882352941178,358,1977.0,1118,9880,76.0,0.0,0,6,6,1096,103.74193548387096,1977,1977,0,1,1,0,0,0,1,0,0,0,0,1,171000
1042,1306,0.0,1.0,900,406,25.330882352941178,624,2005.0,1306,5381,34.0,135.0,63,5,6,1306,103.74193548387096,2005,2005,0,1,1,0,0,0,0,0,1,0,1,0,196000
607,1112,896.0,3.0,603,293,25.330882352941178,230,1948.0,2008,7800,78.0,0.0,0,8,5,896,103.74193548387096,1948,2002,1,0,0,1,0,0,0,0,1,1,0,0,225000
1089,1247,0.0,1.0,1039,208,25.330882352941178,550,2005.0,1247,3316,37.0,0.0,84,5,8,1247,103.74193548387096,2005,2005,1,0,0,1,0,0,1,0,0,0,1,0,197000
30,649,668.0,3.0,0,649,25.330882352941178,250,1920.0,1317,8500,50.0,0.0,54,4,4,649,103.74193548387096,1920,1950,1,0,0,0,0,1,0,0,1,0,0,1,40000
56,983,756.0,3.0,649,321,25.330882352941178,480,1999.0,1739,2645,24.0,456.0,0,5,8,970,103.74193548387096,1999,2000,1,0,0,1,0,0,1,0,0,0,1,0,172500
1178,820,523.0,3.0,0,731,25.330882352941178,186,1921.0,1343,7681,54.0,0.0,0,6,5,731,103.74193548387096,1921,1950,1,0,0,0,0,1,0,0,1,0,0,1,154900
451,1533,0.0,2.0,655,878,25.330882352941178,576,1975.0,1533,0,62.0,0.0,54,5,7,1533,103.74193548387096,1975,1975,0,1,1,0,0,0,0,0,1,0,1,0,280000
558,729,717.0,3.0,604,125,25.330882352941178,406,1996.0,1446,0,57.0,0.0,22,5,7,729,103.74193548387096,1996,1997,0,1,0,1,0,0,0,0,1,0,0,1,175000
365,672,672.0,3.0,456,216,25.330882352941178,468,1964.0,1344,10690,59.0,0.0,128,7,5,672,103.74193548387096,1920,1997,1,0,0,0,1,0,0,0,1,0,0,1,147000
423,1470,348.5240174672489,4.0,986,484,25.330882352941178,696,1998.0,0,9200,80.0,473.0,66,5,8,1470,103.74193548387096,1998,1998,1,0,0,1,0,0,0,0,1,0,1,0,315000
958,1337,0.0,3.0,699,638,25.330882352941178,531,2003.0,1337,8450,65.0,0.0,39,5,7,1337,103.74193548387096,2003,2003,0,1,0,1,0,0,0,1,0,0,1,0,185000
806,980,348.5240174672489,3.0,400,100,25.330882352941178,384,1967.0,980,9750,75.0,0.0,0,5,5,980,103.74193548387096,1967,1967,0,1,0,0,0,1,1,0,0,0,0,1,135500
1133,1142,878.0,3.0,584,544,25.330882352941178,466,1995.0,2020,9828,80.0,0.0,155,5,8,1128,103.74193548387096,1995,1995,1,0,0,1,0,0,0,1,0,0,1,0,239500
979,1121,0.0,3.0,651,470,25.330882352941178,480,1963.0,1121,8816,80.0,0.0,80,6,5,1121,103.74193548387096,1963,1963,1,0,0,0,1,0,0,0,1,0,0,1,139000
354,1192,403.0,2.0,388,552,25.330882352941178,240,1940.0,1595,8400,60.0,0.0,0,5,6,940,103.74193548387096,1940,2000,1,0,0,0,1,0,0,0,1,0,0,1,140000
1356,892,0.0,3.0,340,524,25.330882352941178,264,1966.0,892,9477,70.04995836802665,65.0,0,5,5,864,103.74193548387096,1966,1966,1,0,0,0,1,0,0,1,0,0,0,1,110000
306,1122,1121.0,4.0,700,0,224.0,746,1990.0,2243,13474,0.0,246.0,44,5,7,700,103.74193548387096,1990,1991,1,0,1,0,0,0,0,1,0,0,1,0,225000
796,1285,0.0,3.0,0,660,25.330882352941178,528,1977.0,1285,8197,71.0,148.0,0,5,6,660,103.74193548387096,1977,1977,1,0,0,0,0,1,0,1,0,0,0,1,143500
99,1225,0.0,3.0,569,381,25.330882352941178,0,1978.5061638868744,1225,9320,77.0,0.0,0,5,4,950,103.74193548387096,1959,1959,1,0,1,0,0,0,1,0,0,0,0,1,128950
755,742,729.0,3.0,381,348,25.330882352941178,440,1999.0,1471,3230,34.0,894.0,24,5,6,729,103.74193548387096,1999,1999,1,0,0,1,0,0,0,0,1,0,0,1,172500
271,1363,0.0,2.0,226,96,0.0,439,1954.0,1363,0,73.0,0.0,0,7,7,1385,103.74193548387096,1954,2005,0,1,0,0,1,0,0,0,1,0,0,1,241500
240,1566,0.0,3.0,1078,488,0.0,750,2008.0,1566,9000,75.0,36.0,168,5,8,1566,103.74193548387096,2008,2008,0,1,0,1,0,0,0,1,0,0,1,0,262500
597,1402,0.0,2.0,0,1258,25.330882352941178,648,2006.0,1402,3922,53.0,72.0,16,5,7,1258,103.74193548387096,2006,2007,0,1,0,0,0,1,1,0,0,0,1,0,194201
946,1144,0.0,3.0,748,102,25.330882352941178,796,1959.0,1144,8163,70.0,128.0,0,6,5,1144,103.74193548387096,1959,1959,0,1,0,0,0,1,0,1,0,0,0,1,143000
358,1352,0.0,3.0,300,468,25.330882352941178,288,1958.0,1352,6930,92.0,120.0,0,4,5,1062,103.74193548387096,1958,1958,0,1,1,0,0,0,0,0,1,0,1,0,130000
984,1302,432.0,4.0,0,0,0.0,539,1977.0,1734,10125,75.0,0.0,0,5,5,0,0.0,1977,1977,0,1,0,0,1,0,0,0,1,0,1,0,126000
777,894,0.0,3.0,762,102,25.330882352941178,440,1974.0,894,13350,100.0,0.0,0,5,5,864,103.74193548387096,1974,1974,1,0,1,0,0,0,0,0,1,0,0,1,142500
707,1324,348.5240174672489,2.0,863,461,25.330882352941178,550,2006.0,1324,6240,48.0,176.0,38,5,8,1324,103.74193548387096,2006,2006,1,0,0,1,0,0,1,0,0,0,1,0,254000
598,1647,0.0,3.0,0,0,25.330882352941178,621,1977.0,1647,12984,80.0,459.0,0,6,5,1430,103.74193548387096,1977,1977,0,1,1,0,0,0,1,0,0,0,1,0,217500
874,676,455.0,2.8692138133725202,0,676,25.330882352941178,200,1941.0,1131,5720,52.0,0.0,0,6,5,676,103.74193548387096,1941,1950,1,0,0,0,0,1,0,0,1,0,0,1,66500
930,1466,348.5240174672489,3.0,16,1450,25.330882352941178,610,2007.0,1466,8925,73.0,0.0,18,5,8,1466,103.74193548387096,2007,2007,0,1,0,1,0,0,1,0,0,0,1,0,201000
339,1215,0.0,3.0,585,630,0.0,297,1958.0,1215,12400,66.0,176.0,0,7,6,1215,0.0,1958,1998,1,0,0,0,1,0,0,0,1,0,0,1,155000
1279,698,430.0,2.0,0,698,25.330882352941178,528,1980.0,1128,7500,60.0,0.0,0,4,4,698,103.74193548387096,1920,1950,1,0,0,0,0,1,0,1,0,0,0,1,68400
1432,968,0.0,4.0,0,656,0.0,216,1928.0,968,10800,60.0,0.0,0,6,4,656,103.74193548387096,1927,2007,1,0,0,0,0,1,0,0,1,0,0,1,64500
1041,800,832.0,4.0,400,336,25.330882352941178,484,1966.0,1632,9130,70.04995836802665,252.0,40,8,6,800,103.74193548387096,1966,2000,1,0,0,1,0,0,0,0,1,0,1,0,173000
711,859,319.0,2.0,0,859,25.330882352941178,384,1964.0,1178,8712,66.0,0.0,0,7,4,859,103.74193548387096,1900,1950,0,1,0,0,0,1,0,1,0,0,0,1,102776
1049,930,0.0,2.0,0,0,25.330882352941178,308,1946.0,930,11100,60.0,0.0,0,7,4,0,103.74193548387096,1946,2006,0,1,0,0,0,1,0,0,1,0,1,0,84900
310,697,804.0,3.0,518,179,0.0,420,1993.0,1501,7685,70.04995836802665,112.0,63,5,6,697,103.74193548387096,1993,1994,1,0,1,0,0,0,1,0,0,0,1,0,165600
571,864,348.5240174672489,2.0,414,450,25.330882352941178,288,1959.0,864,7332,60.0,207.0,0,6,6,864,103.74193548387096,1959,1959,1,0,0,0,0,1,0,0,1,0,1,0,120000
917,1229,0.0,3.0,1059,75,25.330882352941178,284,1956.0,1229,17140,70.04995836802665,0.0,0,6,4,1134,103.74193548387096,1956,1956,1,0,1,0,0,0,0,1,0,0,0,1,135000
602,927,988.0,3.0,789,119,25.330882352941178,506,1992.0,1915,10041,80.0,0.0,150,5,8,908,103.74193548387096,1992,1992,0,1,0,1,0,0,1,0,0,0,1,0,220000
289,698,698.0,3.0,0,698,25.330882352941178,384,2003.0,1396,8730,60.0,0.0,0,7,6,698,103.74193548387096,1915,2003,1,0,0,0,0,1,0,0,1,0,0,1,153575
428,1208,348.5240174672489,2.0,664,544,25.330882352941178,628,2007.0,1208,6762,64.0,108.0,54,5,7,1208,105.0,2007,2007,1,0,0,1,0,0,0,1,0,0,1,0,195400
1085,996,0.0,2.0,747,189,25.330882352941178,564,1992.0,996,9069,73.0,0.0,0,6,6,936,103.74193548387096,1992,1992,0,1,0,1,0,0,0,0,1,0,1,0,147000
208,1180,348.5240174672489,3.0,1065,92,25.330882352941178,454,1988.0,2062,14364,70.04995836802665,128.0,55,5,7,1157,103.74193548387096,1988,1989,0,1,0,1,0,0,0,0,1,0,0,1,277000
680,923,348.5240174672489,2.0,543,261,25.330882352941178,264,1980.0,923,8012,50.0,0.0,0,5,6,923,103.74193548387096,1980,1980,1,0,1,0,0,0,0,1,0,0,0,1,143000
353,720,0.0,2.0,0,624,25.330882352941178,484,2005.0,720,8520,60.0,0.0,0,8,6,624,106.0,1928,2003,1,0,0,0,0,1,0,0,1,0,0,1,105900
324,0,1080.0,0.0,0,710,25.330882352941178,564,1961.0,0,11275,96.0,300.0,0,7,7,710,103.74193548387096,1967,2007,1,0,0,0,0,1,1,0,0,0,1,0,242000
237,1014,730.0,3.0,402,594,25.330882352941178,457,1993.0,1744,9453,70.04995836802665,0.0,70,7,7,996,103.74193548387096,1993,2003,1,0,1,0,0,0,0,1,0,0,1,0,194500
58,1426,1519.0,3.0,0,1410,25.330882352941178,641,2006.0,0,13682,66.0,1031.0,0,5,10,1410,103.74193548387096,2006,2006,0,1,0,0,0,1,1,0,0,0,1,0,438780
1159,943,933.0,4.0,442,459,25.330882352941178,540,1974.0,1876,9120,76.0,270.0,69,6,6,901,103.74193548387096,1974,1974,1,0,1,0,0,0,0,1,0,0,1,0,185000
535,820,527.0,3.0,969,148,25.330882352941178,0,1978.5061638868744,1347,7000,70.0,0.0,0,7,5,1117,103.74193548387096,1910,1991,0,1,0,1,0,0,1,0,0,0,0,1,107500
367,1431,0.0,3.0,371,728,25.330882352941178,296,1962.0,1431,9150,101.0,305.0,110,5,6,1099,103.74193548387096,1962,1962,0,1,0,1,0,0,0,1,0,0,0,1,165000
695,1137,348.5240174672489,2.0,980,92,25.330882352941178,551,1987.0,1137,13811,54.0,72.0,0,6,6,1112,103.74193548387096,1987,1987,1,0,0,1,0,0,0,0,1,0,1,0,176000
23,1060,0.0,3.0,840,200,25.330882352941178,572,1976.0,1060,4224,44.0,0.0,110,7,5,1040,100.0,1976,1976,1,0,0,1,0,0,0,0,1,0,0,1,129900
107,789,0.0,2.0,104,516,25.330882352941178,250,1948.0,789,6000,50.0,0.0,0,5,5,789,103.74193548387096,1948,1950,1,0,1,0,0,0,0,0,1,0,0,1,115000
1430,734,1104.0,4.0,0,732,25.330882352941178,372,2005.0,1838,0,60.0,0.0,40,5,5,732,103.74193548387096,2005,2005,0,1,0,0,0,1,1,0,0,0,0,1,192140
1018,802,670.0,3.0,0,384,25.330882352941178,402,1991.0,1472,10784,70.04995836802665,76.0,0,5,7,384,103.74193548387096,1991,1992,1,0,0,0,0,1,0,1,0,0,1,0,160000
361,988,517.0,3.0,399,484,25.330882352941178,240,1940.0,1505,9144,70.04995836802665,0.0,0,5,5,883,103.74193548387096,1940,1982,1,0,0,0,1,0,0,0,1,0,0,1,145000
1001,691,0.0,2.0,0,691,25.330882352941178,216,1920.0,691,5400,60.0,0.0,20,6,5,691,103.74193548387096,1920,1950,1,0,0,0,0,1,0,0,1,1,0,0,86000
538,1159,0.0,3.0,673,378,25.330882352941178,336,1968.0,1159,11553,70.04995836802665,188.0,0,5,5,1051,466.0,1968,1968,1,0,1,0,0,0,0,0,1,0,0,1,158000
1421,1069,0.0,2.0,360,709,25.330882352941178,440,1977.0,1069,4043,53.0,0.0,55,5,6,1069,103.74193548387096,1977,1977,1,0,1,0,0,0,0,1,0,0,0,1,127500
1177,818,406.0,3.0,468,350,25.330882352941178,210,1926.0,1224,3950,70.04995836802665,0.0,0,8,6,818,103.74193548387096,1926,2004,1,0,0,0,1,0,0,0,1,0,0,1,115000
1291,630,672.0,3.0,231,399,25.330882352941178,264,1972.0,1302,1680,21.0,268.0,0,7,5,630,103.74193548387096,1972,1972,1,0,1,0,0,0,0,0,1,0,0,1,119500
781,810,348.5240174672489,3.0,387,374,0.0,484,1992.0,1603,7153,65.0,0.0,124,5,6,761,103.74193548387096,1992,1992,1,0,1,0,0,0,0,1,0,0,1,0,175900
1447,1220,870.0,3.0,1079,141,25.330882352941178,556,1995.0,2090,10000,80.0,438.0,65,5,8,1220,103.74193548387096,1995,1996,1,0,0,1,0,0,0,1,0,0,1,0,240000
774,0,0.0,3.0,0,1935,0.0,0,2006.0,1973,14226,0.0,375.0,45,5,8,0,103.74193548387096,2006,2006,0,1,0,0,0,1,1,0,0,0,1,0,395000
672,1208,348.5240174672489,3.0,767,441,25.330882352941178,546,1977.0,1208,11250,70.04995836802665,0.0,42,6,6,1208,103.74193548387096,1977,1977,1,0,1,0,0,0,0,1,0,0,0,1,165000
233,894,0.0,3.0,182,0,25.330882352941178,308,1976.0,894,10650,75.0,0.0,0,6,5,894,103.74193548387096,1976,1976,0,1,0,0,1,0,0,0,1,0,0,1,128200
426,1644,0.0,2.0,0,0,25.330882352941178,569,1989.0,1644,12800,70.04995836802665,145.0,0,5,7,1518,103.74193548387096,1989,1989,0,1,0,1,0,0,1,0,0,0,1,0,275000
196,1726,0.0,3.0,1126,600,0.0,786,2007.0,1726,9416,79.0,205.0,138,5,7,1726,103.74193548387096,2007,2007,1,0,0,0,0,1,0,0,1,1,0,0,311872
1226,894,1039.0,4.0,0,894,25.330882352941178,668,2007.0,1933,14598,86.0,74.0,18,5,6,894,103.74193548387096,2007,2007,0,1,0,0,0,1,1,0,0,0,1,0,214000
81,1337,0.0,2.0,1201,36,25.330882352941178,405,1998.0,1337,4500,32.0,443.0,199,5,6,1237,103.74193548387096,1998,1998,1,0,0,1,0,0,1,0,0,0,0,1,153500
1368,848,0.0,1.0,685,163,25.330882352941178,420,2003.0,848,4435,70.04995836802665,170.0,0,5,6,848,103.74193548387096,2003,2004,0,1,0,1,0,0,1,0,0,0,1,0,144000
1125,1005,0.0,2.0,0,1005,25.330882352941178,672,1977.0,1005,10434,60.0,0.0,0,5,4,1005,103.74193548387096,1955,1955,1,0,0,0,0,1,0,0,1,1,0,0,115000
111,774,656.0,3.0,250,134,25.330882352941178,400,2000.0,1430,7750,70.04995836802665,0.0,0,5,7,384,103.74193548387096,2000,2000,1,0,0,1,0,0,1,0,0,0,0,1,180000
1243,0,0.0,2.0,0,690,25.330882352941178,850,2006.0,2076,13891,0.0,103.68526170798899,229,5,10,0,103.74193548387096,2006,2006,0,1,0,1,0,0,0,0,1,1,0,0,465000
744,1337,0.0,2.0,733,604,25.330882352941178,462,1993.0,1337,5395,41.0,0.0,0,5,8,1337,103.74193548387096,1993,1993,1,0,0,1,0,0,0,1,0,0,1,0,180000
937,1113,858.0,3.0,341,772,25.330882352941178,689,2005.0,1971,9675,75.0,0.0,48,5,7,1113,103.74193548387096,2005,2005,0,1,0,1,0,0,0,1,0,0,1,0,253000
344,536,576.0,3.0,129,175,25.330882352941178,336,1976.0,1112,2592,36.0,0.0,0,3,5,536,103.74193548387096,1976,1976,1,0,0,0,1,0,0,0,1,0,0,1,85000
1232,1224,0.0,2.0,0,0,25.330882352941178,462,1962.0,1224,9842,70.0,0.0,0,5,4,0,0.0,1962,1962,0,1,0,0,1,0,0,0,1,0,0,1,101800
865,1002,0.0,3.0,828,174,25.330882352941178,0,1973.0,1002,8750,70.04995836802665,76.0,0,6,5,1002,103.74193548387096,1970,1970,1,0,1,0,0,0,0,0,1,0,0,1,148500
1088,970,739.0,3.0,0,970,25.330882352941178,380,2004.0,1709,2522,24.0,50.0,40,5,7,970,103.74193548387096,2004,2004,1,0,0,0,0,1,0,0,1,0,1,0,137500
350,0,0.0,2.0,0,1869,25.330882352941178,617,2007.0,1869,7820,68.0,362.0,54,5,9,0,103.74193548387096,2007,2007,1,0,0,0,0,1,0,1,0,1,0,0,318061
588,1473,0.0,1.0,0,113,25.330882352941178,452,1968.0,1473,0,65.0,0.0,48,8,5,1437,103.74193548387096,1968,2003,0,1,0,1,0,0,0,0,1,1,0,0,143000
1427,1048,348.5240174672489,3.0,580,333,25.330882352941178,288,1962.0,1558,10930,60.0,0.0,0,6,5,913,103.74193548387096,1945,1950,1,0,1,0,0,0,0,0,1,0,0,1,140000
948,936,840.0,3.0,0,936,25.330882352941178,474,2002.0,1776,14006,65.0,144.0,96,5,7,936,103.74193548387096,2002,2002,0,1,0,0,0,1,0,1,0,0,1,0,192500
1449,630,0.0,1.0,553,77,25.330882352941178,0,1978.5061638868744,630,1533,21.0,0.0,0,7,5,630,103.74193548387096,1970,1970,0,1,0,1,0,0,1,0,0,1,0,0,92000
989,778,798.0,3.0,0,770,25.330882352941178,614,2006.0,1576,8125,65.0,0.0,50,5,7,770,103.74193548387096,2006,2006,1,0,0,0,0,1,0,1,0,0,1,0,197000
677,792,0.0,2.0,0,768,25.330882352941178,240,1924.0,792,9022,52.0,0.0,0,8,5,768,103.74193548387096,1924,2006,1,0,0,0,0,1,0,0,1,0,1,0,109500
478,1718,0.0,3.0,0,417,0.0,826,2007.0,1718,10637,79.0,336.0,44,5,8,1705,103.74193548387096,2007,2008,0,1,0,1,0,0,0,1,0,0,1,0,297000
1271,1489,0.0,3.0,0,1489,25.330882352941178,462,1968.0,1489,9156,70.04995836802665,0.0,0,7,6,1489,103.74193548387096,1968,1968,1,0,0,0,0,1,0,1,0,0,1,0,185750
1410,944,896.0,3.0,666,278,25.330882352941178,622,2001.0,1840,12420,79.0,0.0,45,5,7,944,103.74193548387096,2001,2001,1,0,0,1,0,0,0,1,0,0,1,0,230000
479,1131,0.0,2.8692138133725202,168,739,25.330882352941178,672,1995.0,1131,5925,50.0,435.0,72,7,4,907,103.74193548387096,1937,2000,1,0,0,0,1,0,0,0,1,0,0,1,89471
1361,1530,0.0,2.8692138133725202,1274,256,25.330882352941178,430,2005.0,1530,16158,0.0,16.0,36,5,7,1530,103.74193548387096,2005,2005,0,1,1,0,0,0,1,0,0,0,1,0,260000
802,728,728.0,3.0,648,80,25.330882352941178,410,2005.0,1456,8199,63.0,0.0,18,5,7,728,36.0,2005,2005,0,1,0,1,0,0,1,0,0,0,1,0,189000
651,755,755.0,4.0,0,755,25.330882352941178,296,1940.0,1510,9084,60.0,0.0,0,5,4,755,103.74193548387096,1940,1950,0,1,0,0,0,1,0,0,1,0,0,1,108000
722,864,0.0,3.0,191,673,25.330882352941178,463,1994.0,864,8120,70.0,0.0,0,7,4,864,0.0,1970,1970,1,0,1,0,0,0,0,0,1,0,0,1,124500
254,1314,0.0,3.0,922,392,25.330882352941178,294,1957.0,1314,8400,70.0,0.0,0,6,5,1314,103.74193548387096,1957,1957,1,0,0,0,1,0,0,1,0,0,0,1,145000
1066,799,772.0,3.0,0,799,25.330882352941178,380,1993.0,1571,7837,59.0,0.0,40,7,6,799,103.74193548387096,1993,1994,1,0,0,0,0,1,0,1,0,0,0,1,178000
638,796,0.0,2.0,0,796,25.330882352941178,0,1978.5061638868744,796,8777,67.0,0.0,0,7,5,796,328.0,1910,1950,1,0,0,0,0,1,1,0,0,0,0,1,85000
799,981,787.0,3.0,569,162,25.330882352941178,240,1939.0,1768,7200,60.0,252.0,0,7,5,731,103.74193548387096,1937,1950,1,0,1,0,0,0,0,0,1,0,1,0,175000
380,1026,665.0,3.0,218,808,25.330882352941178,308,1924.0,1691,5000,50.0,0.0,0,6,5,1026,103.74193548387096,1924,1950,1,0,0,0,1,0,0,0,1,0,1,0,127000
303,894,0.0,3.0,894,0,25.330882352941178,552,1975.0,894,9800,70.0,0.0,0,7,5,894,103.74193548387096,1972,1972,1,0,1,0,0,0,0,0,1,0,0,1,149900
86,684,876.0,3.0,0,684,25.330882352941178,400,2005.0,1560,11911,0.0,0.0,38,5,6,684,103.74193548387096,2005,2005,0,1,0,0,0,1,1,0,0,0,1,0,174000
1385,796,358.0,3.0,735,61,25.330882352941178,240,1922.0,1154,5436,40.0,0.0,96,8,4,796,103.74193548387096,1922,2007,1,0,1,0,0,0,0,0,1,0,1,0,125500
265,1422,0.0,3.0,588,606,25.330882352941178,576,1981.0,1422,12090,78.0,210.0,0,6,6,1422,103.74193548387096,1981,1981,1,0,0,0,0,1,1,0,0,0,1,0,175500
793,1496,0.0,2.8692138133725202,0,1496,25.330882352941178,474,2007.0,1496,9158,76.0,140.0,130,5,8,1496,103.74193548387096,2007,2007,0,1,0,0,0,1,0,0,1,0,1,0,225000
1445,913,0.0,3.0,187,0,25.330882352941178,240,1990.0,913,8400,70.0,0.0,0,5,6,814,103.74193548387096,1966,1966,0,1,0,0,1,0,0,0,1,0,0,1,129000
808,1086,0.0,3.0,516,380,25.330882352941178,484,1966.0,1086,13400,85.0,1047.0,0,5,5,1024,103.74193548387096,1966,1966,0,1,1,0,0,0,0,1,0,0,0,1,159950
1099,1601,348.5240174672489,3.0,704,567,25.330882352941178,478,1978.0,1601,11880,82.0,206.0,0,5,7,1271,103.74193548387096,1978,1978,1,0,1,0,0,0,0,1,0,0,0,1,157000
605,1186,800.0,3.0,454,314,25.330882352941178,486,1965.0,1986,13600,85.0,176.0,42,6,7,768,103.74193548387096,1965,1990,1,0,1,0,0,0,0,0,1,0,0,1,205000
701,1164,0.0,3.0,0,1164,25.330882352941178,528,1969.0,1164,9600,80.0,168.0,0,5,7,1164,0.0,1969,1969,1,0,0,0,0,1,0,0,1,0,0,1,140000
221,1010,1257.0,4.0,0,1010,25.330882352941178,390,2002.0,2267,8068,70.04995836802665,0.0,46,5,6,1010,103.74193548387096,2002,2002,1,0,0,0,0,1,0,1,0,0,1,0,200000
113,0,0.0,3.0,35,905,25.330882352941178,450,1953.0,2259,0,70.04995836802665,184.0,120,5,6,0,103.74193548387096,1953,1953,0,1,0,0,0,1,0,0,1,0,1,0,217000
548,825,0.0,2.0,180,0,25.330882352941178,720,1963.0,825,8235,49.0,0.0,50,7,5,825,103.74193548387096,1955,1995,1,0,0,0,1,0,0,1,0,0,0,1,125000
1073,698,728.0,3.0,535,155,25.330882352941178,440,1977.0,1426,7950,75.0,140.0,0,6,6,690,252.0,1977,1977,1,0,1,0,0,0,1,0,0,0,0,1,159500
174,1651,0.0,3.0,0,0,25.330882352941178,616,1986.0,1651,12416,47.0,132.0,0,5,6,1606,103.74193548387096,1986,1986,1,0,1,0,0,0,1,0,0,0,0,1,184000
514,789,0.0,2.0,0,768,25.330882352941178,200,1926.0,789,10594,55.0,0.0,0,5,5,768,103.74193548387096,1926,1950,1,0,0,0,0,1,0,0,1,0,0,1,96500
1350,1338,1296.0,0.0,500,748,25.330882352941178,0,1969.0,0,11643,91.0,368.0,0,5,5,1248,103.74193548387096,1969,1969,1,0,0,0,1,0,0,0,1,0,0,1,200000
1145,1042,534.0,3.0,0,1042,25.330882352941178,225,1928.0,1576,6240,52.0,0.0,0,6,5,1042,103.74193548387096,1928,1950,1,0,0,0,0,1,0,0,1,0,0,1,149000
965,783,701.0,3.0,0,783,25.330882352941178,393,2005.0,1484,10237,65.0,0.0,72,5,6,783,103.74193548387096,2005,2007,1,0,0,0,0,1,1,0,0,0,1,0,178900
936,1200,0.0,2.0,833,343,25.330882352941178,555,2003.0,1200,10083,67.0,103.68526170798899,41,5,7,1176,103.74193548387096,2003,2003,1,0,0,0,0,1,0,1,0,0,1,0,184900
285,625,625.0,2.0,0,625,0.0,528,2006.0,1250,4251,35.0,0.0,54,5,7,625,103.74193548387096,2006,2007,1,0,0,0,0,1,0,1,0,0,1,0,164700
1310,0,0.0,3.0,0,496,25.330882352941178,567,1959.0,1902,0,100.0,0.0,207,8,7,0,0.0,1959,2002,0,1,0,1,0,0,1,0,0,1,0,0,335000
342,1040,0.0,2.0,0,0,25.330882352941178,400,1949.0,1040,8544,70.04995836802665,340.0,0,4,3,0,103.74193548387096,1949,1950,0,1,0,0,1,0,0,0,1,0,0,1,87500
1165,1502,0.0,3.0,0,1502,0.0,644,2009.0,1502,9541,79.0,268.0,114,5,7,1502,103.74193548387096,2009,2009,1,0,0,0,0,1,0,1,0,0,1,0,233170
31,1228,0.0,3.0,0,1228,25.330882352941178,271,1966.0,1228,8544,70.04995836802665,0.0,65,6,5,1228,103.74193548387096,1966,2006,1,0,0,0,0,1,0,0,1,0,1,0,149350
873,1036,0.0,3.0,375,457,25.330882352941178,288,1949.0,1268,12144,60.0,0.0,28,7,5,832,103.74193548387096,1949,1950,1,0,0,0,1,0,0,0,1,0,0,1,133000
210,864,0.0,2.0,468,396,25.330882352941178,0,1978.5061638868744,864,5604,67.0,0.0,0,6,5,864,103.74193548387096,1925,1950,1,0,0,0,1,0,1,0,0,0,0,1,98000
924,1686,0.0,3.0,625,0,25.330882352941178,612,1980.0,1686,10240,79.0,157.0,131,6,6,1686,103.74193548387096,1980,1980,1,0,1,0,0,0,0,0,1,0,0,1,207500
405,1620,0.0,3.0,1116,165,25.330882352941178,490,1993.0,1620,9991,70.04995836802665,0.0,78,4,4,1281,103.74193548387096,1976,1993,1,0,1,0,0,0,0,0,1,0,0,1,150000
770,858,0.0,2.0,685,173,25.330882352941178,576,1983.0,858,7252,70.04995836802665,0.0,0,5,5,858,120.0,1982,1982,0,1,0,1,0,0,0,0,1,0,0,1,134900
381,1301,0.0,2.0,0,1293,25.330882352941178,572,2006.0,1301,7200,60.0,0.0,121,5,7,1293,103.74193548387096,2006,2006,1,0,0,0,0,1,0,1,0,0,1,0,187750
889,1505,0.0,2.0,1024,481,25.330882352941178,505,1953.0,1505,12160,0.0,90.0,0,4,6,1505,103.74193548387096,1953,1953,1,0,0,0,0,1,0,1,0,0,0,1,149500
1200,864,0.0,3.0,0,864,25.330882352941178,280,1972.0,864,9353,71.0,0.0,0,5,4,864,103.74193548387096,1970,1970,1,0,0,0,0,1,0,0,1,0,0,1,116050
188,1224,0.0,2.0,1086,0,25.330882352941178,528,1979.0,1224,7018,64.0,275.0,0,5,5,1086,103.74193548387096,1979,1979,0,1,0,1,0,0,0,0,1,0,0,1,153337
893,1383,0.0,3.0,1064,319,25.330882352941178,354,1954.0,1383,13284,70.04995836802665,0.0,116,5,5,1383,103.74193548387096,1954,1954,0,1,1,0,0,0,0,0,1,0,0,1,165000
1327,816,0.0,3.0,641,175,25.330882352941178,264,1982.0,816,6600,60.0,0.0,0,9,5,816,103.74193548387096,1982,2008,1,0,1,0,0,0,0,0,1,0,1,0,130500
420,1344,0.0,2.8692138133725202,0,35,25.330882352941178,784,1997.0,1344,7060,78.0,200.0,0,5,7,1344,103.74193548387096,1997,1998,0,1,0,1,0,0,1,0,0,0,0,1,206300
578,703,689.0,2.0,0,689,25.330882352941178,540,2007.0,1392,3604,34.0,0.0,102,5,7,689,103.74193548387096,2007,2007,1,0,0,0,0,1,0,0,1,0,1,0,146000
83,1065,0.0,3.0,0,1065,25.330882352941178,461,1974.0,1065,8892,80.0,66.0,0,5,5,1065,103.74193548387096,1960,1960,1,0,0,0,0,1,0,0,1,0,0,1,126500
1274,661,589.0,3.0,0,661,25.330882352941178,552,1985.0,1250,5362,53.0,0.0,0,6,5,661,103.74193548387096,1910,2003,1,0,0,0,0,1,0,0,1,0,0,1,139000
48,736,716.0,2.0,0,736,25.330882352941178,0,1978.5061638868744,1452,4456,33.0,0.0,0,5,4,736,103.74193548387096,1920,2008,1,0,0,0,0,1,1,0,0,0,0,1,113000
155,572,524.0,2.0,0,572,25.330882352941178,0,1978.5061638868744,1096,9600,60.0,0.0,8,5,6,572,103.74193548387096,1924,1950,1,0,0,0,0,1,1,0,0,0,0,1,79000
973,1428,0.0,3.0,0,1428,25.330882352941178,480,2007.0,1428,11639,95.0,103.68526170798899,120,5,7,1428,103.74193548387096,2007,2008,1,0,0,0,0,1,1,0,0,0,1,0,182000
1110,773,885.0,3.0,219,554,25.330882352941178,431,1995.0,1658,8000,70.04995836802665,0.0,84,5,6,773,103.74193548387096,1995,1996,1,0,0,1,0,0,1,0,0,0,0,1,188000
950,864,0.0,3.0,398,317,25.330882352941178,720,1980.0,864,7200,60.0,0.0,0,8,5,864,103.74193548387096,1950,2002,1,0,1,0,0,0,0,1,0,0,1,0,129000
1030,948,980.0,0.0,0,686,25.330882352941178,0,1978.5061638868744,1928,7082,70.04995836802665,0.0,0,8,5,686,103.74193548387096,1916,1995,0,1,0,0,0,1,1,0,0,0,0,1,160000
1435,1537,0.0,3.0,0,1319,25.330882352941178,462,1962.0,1537,8400,80.0,237.0,36,9,6,1319,103.74193548387096,1962,2005,1,0,0,0,0,1,0,1,0,0,1,0,174000
1196,879,984.0,4.0,0,879,25.330882352941178,660,2006.0,1863,14054,58.0,0.0,17,5,7,879,103.74193548387096,2006,2006,0,1,0,0,0,1,1,0,0,0,1,0,219210
1442,1026,981.0,3.0,765,252,25.330882352941178,812,2008.0,2007,11003,85.0,160.0,52,5,10,1017,103.74193548387096,2008,2008,0,1,0,1,0,0,0,0,1,1,0,0,310000
481,1792,0.0,2.0,0,225,25.330882352941178,0,2003.0,1792,11846,72.0,562.0,49,5,9,0,103.74193548387096,2003,2004,0,1,0,1,0,0,1,0,0,1,0,0,374000
179,968,0.0,2.0,0,968,25.330882352941178,480,1935.0,968,8520,60.0,0.0,0,6,5,968,103.74193548387096,1923,2006,1,0,0,0,0,1,0,0,1,0,0,1,100000
859,1512,1142.0,4.0,619,435,25.330882352941178,619,1968.0,0,11029,70.04995836802665,220.0,65,7,6,1054,103.74193548387096,1968,1984,0,1,1,0,0,0,0,0,1,0,1,0,250000
1213,960,0.0,0.0,648,0,25.330882352941178,364,1965.0,960,10246,70.04995836802665,0.0,0,9,4,648,103.74193548387096,1965,2001,0,1,0,1,0,0,0,0,1,0,0,1,145000
583,1521,348.5240174672489,2.8692138133725202,0,1237,0.0,0,1988.0,0,13500,75.0,0.0,502,9,10,1237,103.74193548387096,1893,2000,1,0,0,0,0,1,0,0,1,0,1,0,325000
477,0,574.0,3.0,0,2153,0.0,694,2006.0,0,13693,0.0,772.0,84,5,9,0,103.74193548387096,2006,2006,0,1,0,0,0,1,1,0,0,1,0,0,380000
1405,1646,0.0,2.0,0,221,0.0,482,2004.0,1646,3842,44.0,174.0,53,5,8,1594,103.74193548387096,2004,2005,0,1,0,1,0,0,1,0,0,0,1,0,275000
1146,1298,348.5240174672489,3.0,1258,40,25.330882352941178,403,1985.0,1298,11200,70.04995836802665,85.0,26,5,6,1298,103.74193548387096,1985,1985,1,0,0,1,0,0,0,0,1,0,1,0,180000
1166,1694,0.0,2.8692138133725202,0,1694,25.330882352941178,776,2008.0,1694,10475,64.0,72.0,33,5,8,1694,160.0,2008,2008,0,1,0,0,0,1,0,0,1,0,1,0,245350
346,958,0.0,2.0,498,460,25.330882352941178,301,1960.0,958,12772,70.04995836802665,0.0,0,8,6,958,103.74193548387096,1960,1998,0,1,1,0,0,0,0,1,0,0,0,1,151500
1214,999,0.0,3.0,784,141,25.330882352941178,300,1962.0,999,10205,69.0,0.0,72,5,5,925,103.74193548387096,1962,1962,0,1,1,0,0,0,0,0,1,0,0,1,134500
1137,780,240.0,2.0,0,780,25.330882352941178,0,1978.5061638868744,1020,6342,54.0,0.0,0,8,5,780,103.74193548387096,1875,1996,1,0,0,0,0,1,1,0,0,0,0,1,94000
1365,814,860.0,3.0,533,281,25.330882352941178,663,2000.0,1674,7500,70.04995836802665,0.0,96,5,7,814,103.74193548387096,2000,2000,1,0,0,1,0,0,0,1,0,0,1,0,216000
654,0,0.0,2.0,0,413,25.330882352941178,839,1995.0,2113,10437,91.0,660.0,46,6,8,0,103.74193548387096,1995,1995,0,1,0,1,0,0,1,0,0,0,1,0,350000
988,1118,912.0,4.0,156,692,25.330882352941178,551,1976.0,2030,12046,70.04995836802665,298.0,224,6,6,848,103.74193548387096,1976,1976,1,0,0,0,1,0,1,0,0,0,1,0,195000
243,626,591.0,3.0,0,626,25.330882352941178,288,1980.0,1217,10762,75.0,0.0,28,6,6,626,103.74193548387096,1980,1980,1,0,0,0,0,1,0,1,0,0,0,1,120000
1342,1284,885.0,3.0,0,1284,25.330882352941178,647,2002.0,2169,9375,70.04995836802665,149.0,87,5,8,1284,103.74193548387096,2002,2002,1,0,0,0,0,1,0,1,0,0,1,0,228500
1057,979,871.0,3.0,595,378,25.330882352941178,467,1994.0,1850,0,70.04995836802665,0.0,98,6,7,973,103.74193548387096,1994,1994,1,0,0,1,0,0,1,0,0,0,1,0,248000
1418,1144,0.0,3.0,25,247,25.330882352941178,336,1962.0,1144,9204,71.0,0.0,88,5,5,1144,103.74193548387096,1963,1963,1,0,1,0,0,0,0,0,1,0,0,1,124000
1023,1504,0.0,2.0,16,1330,0.0,437,2005.0,1504,3182,43.0,14.0,20,5,7,1346,103.74193548387096,2005,2006,1,0,0,1,0,0,1,0,0,0,1,0,191000
810,1309,0.0,3.0,663,0,25.330882352941178,484,1974.0,1309,10140,78.0,99.0,0,6,6,1040,103.74193548387096,1974,1999,1,0,1,0,0,0,0,1,0,0,1,0,181000
1384,698,560.0,2.0,204,356,25.330882352941178,280,1939.0,1258,9060,60.0,0.0,0,5,6,560,103.74193548387096,1939,1950,0,1,0,0,1,0,0,0,1,0,0,1,105000
626,1422,0.0,3.0,0,978,25.330882352941178,286,1960.0,1422,12342,70.04995836802665,0.0,0,5,5,978,0.0,1960,1978,1,0,0,0,0,1,0,1,0,0,0,1,139900
813,1442,0.0,4.0,608,834,25.330882352941178,301,1958.0,1442,9750,75.0,243.0,0,6,6,1442,103.74193548387096,1958,1958,1,0,0,0,1,0,0,1,0,0,0,1,157900
839,768,432.0,3.0,352,416,25.330882352941178,240,1946.0,1200,11767,70.0,0.0,0,6,5,768,0.0,1946,1995,1,0,1,0,0,0,0,0,1,0,0,1,130500
370,953,711.0,3.0,0,953,25.330882352941178,460,2000.0,1664,8121,70.04995836802665,0.0,40,5,6,953,103.74193548387096,2000,2000,1,0,0,0,0,1,0,1,0,0,0,1,172400
54,1360,0.0,2.8692138133725202,384,0,25.330882352941178,572,1962.0,1360,7134,60.0,0.0,50,5,5,384,103.74193548387096,1955,1955,1,0,1,0,0,0,0,0,1,0,0,1,130000
534,707,707.0,3.0,0,707,25.330882352941178,403,2004.0,1414,9056,74.0,0.0,35,5,8,707,103.74193548387096,2004,2004,0,1,0,0,0,1,1,0,0,0,1,0,178000
785,1342,0.0,3.0,251,491,25.330882352941178,457,1967.0,1342,9790,70.04995836802665,0.0,0,5,6,1372,103.74193548387096,1967,1967,1,0,0,0,1,0,0,0,1,0,0,1,161500
312,793,325.0,3.0,507,286,25.330882352941178,410,1939.0,1118,7800,65.0,0.0,0,7,5,793,103.74193548387096,1939,1950,0,1,0,0,1,0,0,0,1,0,0,1,119900
1174,1170,1175.0,4.0,503,449,25.330882352941178,360,1932.0,2345,16560,80.0,0.0,0,8,6,952,103.74193548387096,1932,1950,1,0,0,0,1,0,0,0,1,0,0,1,239000
109,0,0.0,3.0,705,1139,25.330882352941178,546,1977.0,1844,11751,0.0,480.0,122,6,6,0,103.74193548387096,1977,1977,1,0,1,0,0,0,0,1,0,0,0,1,190000
430,483,504.0,2.0,387,96,25.330882352941178,264,1971.0,987,1680,21.0,232.0,0,5,6,483,103.74193548387096,1971,1971,1,0,1,0,0,0,0,0,1,0,0,1,85400
100,1610,0.0,3.0,1200,410,25.330882352941178,480,1977.0,1610,10603,70.04995836802665,28.0,68,7,6,1610,103.74193548387096,1977,2001,0,1,1,0,0,0,0,1,0,0,1,0,205000
513,1080,348.5240174672489,3.0,336,748,158.0,484,1983.0,1080,9187,71.0,0.0,0,5,6,1084,103.74193548387096,1983,1983,1,0,1,0,0,0,0,0,1,0,0,1,134000
1190,1622,0.0,3.0,1159,90,25.330882352941178,0,1975.0,1622,0,70.04995836802665,149.0,0,4,4,1249,103.74193548387096,1961,1975,0,1,1,0,0,0,1,0,0,0,0,1,168000
266,802,709.0,3.0,714,88,25.330882352941178,413,1997.0,1511,11207,70.0,0.0,75,5,6,802,103.74193548387096,1997,1997,0,1,0,1,0,0,1,0,0,0,0,1,185000
1290,1152,0.0,3.0,1014,138,25.330882352941178,484,1964.0,1152,14112,70.04995836802665,86.0,0,7,5,1152,103.74193548387096,1964,1964,0,1,0,1,0,0,0,1,0,0,0,1,180500
296,910,648.0,4.0,420,490,25.330882352941178,282,1950.0,1558,13710,75.0,0.0,0,5,5,910,289.0,1950,1950,1,0,1,0,0,0,0,0,1,0,0,1,152000
506,1065,846.0,3.0,380,397,0.0,471,1993.0,1911,9554,80.0,125.0,81,5,8,777,103.74193548387096,1993,1994,1,0,0,0,0,1,0,1,0,0,1,0,215000
901,1306,0.0,2.0,860,132,25.330882352941178,756,1968.0,1306,8712,64.0,0.0,0,7,5,992,103.74193548387096,1957,2000,0,1,1,0,0,0,0,0,1,0,0,1,153000
809,1075,1063.0,2.0,0,849,25.330882352941178,360,1910.0,2138,8100,90.0,0.0,156,5,5,849,103.74193548387096,1898,1965,1,0,0,0,0,1,0,0,1,0,0,1,106000
377,1580,886.0,4.0,0,1580,25.330882352941178,610,2004.0,2466,11143,102.0,0.0,214,5,8,1580,103.74193548387096,2004,2005,1,0,0,0,0,1,0,1,0,0,1,0,340000
286,1085,649.0,3.0,600,312,0.0,440,1962.0,1734,9786,77.0,0.0,0,7,6,912,103.74193548387096,1962,1981,1,0,0,0,1,0,0,0,1,0,1,0,159000
1400,950,208.0,3.0,0,862,25.330882352941178,208,1929.0,1158,6000,50.0,0.0,0,7,6,862,103.74193548387096,1929,1950,1,0,0,0,0,1,0,1,0,0,0,1,120000
1048,1771,0.0,3.0,0,0,25.330882352941178,336,1960.0,1771,0,100.0,75.0,0,4,5,0,103.74193548387096,1960,2006,0,1,0,0,1,0,0,0,1,0,0,1,115000
126,958,348.5240174672489,2.0,120,958,25.330882352941178,440,1977.0,958,4928,70.04995836802665,0.0,205,5,6,1078,0.0,1976,1976,1,0,1,0,0,0,0,1,0,0,0,1,128000
618,1828,0.0,2.8692138133725202,48,1774,25.330882352941178,774,2007.0,1828,11694,90.0,452.0,108,5,9,0,103.74193548387096,2007,2007,0,1,0,0,0,1,0,0,1,0,1,0,314813
292,1148,568.0,3.0,292,476,25.330882352941178,281,1949.0,1716,11409,60.0,0.0,0,4,5,768,103.74193548387096,1949,2008,1,0,0,0,1,0,0,0,1,0,0,1,131000
527,1476,1237.0,3.0,0,122,25.330882352941178,0,2008.0,0,14948,67.0,268.0,66,5,9,1452,103.74193548387096,2008,2008,0,1,0,1,0,0,1,0,0,1,0,0,446261
1255,959,408.0,3.0,425,459,25.330882352941178,560,1978.0,1367,6240,52.0,0.0,0,6,6,884,103.74193548387096,1931,1950,1,0,0,0,1,0,0,0,1,0,0,1,127500
482,916,348.5240174672489,4.0,299,611,25.330882352941178,164,1915.0,1826,2500,50.0,0.0,0,8,7,910,103.74193548387096,1915,2005,1,0,1,0,0,0,0,0,1,1,0,0,155000
355,1200,0.0,3.0,334,322,25.330882352941178,521,1995.0,1200,11249,0.0,0.0,26,5,6,1200,103.74193548387096,1995,1995,1,0,1,0,0,0,0,1,0,0,1,0,177500
170,854,0.0,2.0,360,360,25.330882352941178,660,1991.0,1382,12358,70.04995836802665,0.0,0,6,5,720,103.74193548387096,1941,1950,1,0,0,0,1,0,0,0,1,0,0,1,128500
1195,728,728.0,2.8692138133725202,0,728,25.330882352941178,400,2005.0,1456,8029,51.0,0.0,24,5,6,728,100.0,2005,2005,1,0,0,0,0,1,0,0,1,0,1,0,176000
661,1686,762.0,4.0,0,88,25.330882352941178,711,1994.0,2448,0,52.0,528.0,76,7,8,1629,103.74193548387096,1994,2005,1,0,0,1,0,0,0,1,0,0,1,0,402000
1234,1024,940.0,4.0,0,940,25.330882352941178,0,1978.5061638868744,1964,8525,55.0,0.0,192,6,5,940,103.74193548387096,1911,1950,0,1,0,0,0,1,1,0,0,0,0,1,130000
209,1092,0.0,3.0,787,305,25.330882352941178,504,1964.0,1092,8250,75.0,260.0,0,7,6,1092,103.74193548387096,1964,1964,1,0,0,0,1,0,0,1,0,0,0,1,145000
485,1113,0.0,3.0,607,506,25.330882352941178,264,1950.0,1113,9600,80.0,0.0,80,7,5,1113,103.74193548387096,1950,2007,1,0,1,0,0,0,0,0,1,0,1,0,147000
140,864,0.0,3.0,432,432,25.330882352941178,0,1978.5061638868744,864,10500,70.0,0.0,0,5,4,864,103.74193548387096,1971,1971,1,0,1,0,0,0,1,0,0,0,0,1,115000
1189,1028,776.0,3.0,0,994,25.330882352941178,442,1999.0,1804,7500,60.0,0.0,60,5,7,994,103.74193548387096,1999,1999,1,0,0,0,0,1,1,0,0,0,1,0,189000
943,1632,0.0,4.0,0,1632,25.330882352941178,576,1967.0,1632,0,100.0,0.0,0,4,5,1632,103.74193548387096,1967,1967,0,1,0,0,0,1,0,0,1,0,0,1,143000
621,1548,1066.0,4.0,956,384,25.330882352941178,624,1974.0,0,10800,90.0,0.0,243,7,6,1522,103.74193548387096,1974,1997,1,0,1,0,0,0,0,1,0,0,0,1,240000
1157,1314,0.0,2.0,904,410,25.330882352941178,626,2008.0,1314,5001,34.0,166.0,62,5,7,1314,103.74193548387096,2007,2008,1,0,0,1,0,0,0,0,1,0,1,0,230000
1322,1061,862.0,3.0,674,76,0.0,564,1992.0,1923,10186,0.0,0.0,39,5,7,750,103.74193548387096,1992,1992,1,0,0,1,0,0,0,1,0,0,1,0,190000
704,1484,0.0,3.0,712,761,25.330882352941178,606,2004.0,1484,8400,70.0,109.0,35,5,7,1473,103.74193548387096,2004,2005,0,1,0,1,0,0,0,1,0,0,1,0,213000
1323,708,0.0,2.0,280,140,25.330882352941178,0,1978.5061638868744,708,5330,50.0,0.0,0,7,4,420,164.0,1940,1950,1,0,0,0,1,0,0,0,1,1,0,0,82500
199,1713,0.0,3.0,1088,625,25.330882352941178,0,2004.0,1713,9591,76.0,262.0,26,5,8,1713,103.74193548387096,2004,2005,0,1,0,1,0,0,1,0,0,1,0,0,274900
493,1269,0.0,3.0,374,363,25.330882352941178,308,1964.0,1269,7931,70.0,0.0,0,6,5,1269,103.74193548387096,1960,1960,1,0,1,0,0,0,0,0,1,0,0,1,155000
664,0,0.0,1.0,0,356,25.330882352941178,0,2005.0,2097,0,49.0,0.0,267,5,8,0,192.0,2005,2006,0,1,0,0,0,1,1,0,0,1,0,0,423000
1339,864,0.0,3.0,360,504,25.330882352941178,288,1972.0,864,9560,0.0,0.0,0,7,5,864,103.74193548387096,1972,1972,0,1,0,0,1,0,0,1,0,0,0,1,128500
1058,1130,1054.0,3.0,936,168,0.0,836,2008.0,2184,11308,96.0,154.0,102,5,9,1104,103.74193548387096,2008,2008,0,1,0,1,0,0,1,0,0,1,0,0,335000
1187,1624,0.0,2.0,0,168,25.330882352941178,757,1994.0,1624,12461,89.0,0.0,114,5,8,1624,103.74193548387096,1994,1995,1,0,0,1,0,0,0,1,0,0,1,0,262000
10,1040,0.0,3.0,906,134,25.330882352941178,384,1965.0,1040,11200,70.0,0.0,0,5,5,1040,103.74193548387096,1965,1965,1,0,0,0,1,0,0,0,1,0,0,1,129500
147,884,1151.0,3.0,0,884,25.330882352941178,434,2001.0,2035,9505,70.04995836802665,180.0,48,5,7,884,103.74193548387096,2001,2001,1,0,0,0,0,1,1,0,0,0,1,0,222500
764,1494,0.0,2.8692138133725202,437,0,25.330882352941178,481,1995.0,1494,9549,30.0,0.0,30,5,8,1494,103.74193548387096,1995,1996,0,1,0,0,1,0,1,0,0,1,0,0,270000
282,1314,0.0,2.0,904,410,25.330882352941178,626,2008.0,1314,5063,34.0,166.0,62,5,7,1314,103.74193548387096,2007,2008,1,0,0,1,0,0,0,1,0,0,1,0,207500
298,1041,702.0,3.0,384,143,25.330882352941178,539,1968.0,1743,11700,90.0,365.0,0,6,6,702,103.74193548387096,1968,1968,1,0,1,0,0,0,0,0,1,0,0,1,175000
918,912,1215.0,4.0,48,422,25.330882352941178,833,1991.0,2127,13125,103.0,0.0,192,5,7,1104,103.74193548387096,1991,1991,0,1,1,0,0,0,0,1,0,0,1,0,238000
291,936,780.0,0.0,210,570,25.330882352941178,0,1978.5061638868744,1716,5687,55.0,0.0,184,6,5,780,103.74193548387096,1912,2000,1,0,0,0,0,1,1,0,0,1,0,0,135900
819,1358,348.5240174672489,2.8692138133725202,733,625,0.0,484,2010.0,1358,6371,44.0,128.0,35,5,7,1358,103.74193548387096,2009,2010,0,1,0,0,0,1,0,1,0,0,1,0,224000
573,774,656.0,3.0,0,384,25.330882352941178,400,2000.0,1430,9967,76.0,0.0,0,5,7,384,103.74193548387096,2000,2000,1,0,0,0,0,1,0,1,0,0,0,1,170000
1454,1221,0.0,2.0,410,811,0.0,400,2004.0,1221,7500,62.0,0.0,113,5,7,1221,103.74193548387096,2004,2005,1,0,0,1,0,0,0,1,0,0,1,0,185000
549,912,1182.0,4.0,0,912,25.330882352941178,615,2003.0,2094,9375,75.0,0.0,182,5,7,912,103.74193548387096,2003,2004,1,0,0,0,0,1,1,0,0,0,1,0,263000
462,864,0.0,3.0,553,0,25.330882352941178,360,1965.0,864,8281,60.0,0.0,0,5,5,864,103.74193548387096,1965,1965,1,0,0,0,1,0,0,0,1,0,0,1,62383
129,1053,348.5240174672489,3.0,567,413,25.330882352941178,750,1998.0,1053,8973,69.0,85.0,80,7,5,1008,103.74193548387096,1958,1991,1,0,0,0,1,0,0,1,0,1,0,0,150000
845,1701,0.0,3.0,0,0,25.330882352941178,611,1975.0,1701,16647,70.04995836802665,0.0,0,5,5,1390,103.74193548387096,1975,1981,0,1,1,0,0,0,1,0,0,0,0,1,171000
331,1056,0.0,3.0,846,210,0.0,308,1958.0,1056,8176,70.0,0.0,0,6,5,1056,103.74193548387096,1958,1992,1,0,0,0,1,0,0,1,0,0,0,1,139000
323,1163,0.0,3.0,256,906,25.330882352941178,220,1955.0,1163,5820,49.0,0.0,98,8,3,1162,103.74193548387096,1955,2005,1,0,1,0,0,0,0,0,1,0,0,1,126175
650,822,843.0,3.0,0,813,25.330882352941178,562,2007.0,1665,8125,65.0,103.68526170798899,0,6,7,813,103.74193548387096,2007,2007,1,0,0,0,0,1,0,1,0,0,1,0,205950
439,684,512.0,3.0,0,684,25.330882352941178,528,2005.0,1196,12354,67.0,0.0,46,8,6,684,103.74193548387096,1920,2000,0,1,0,0,0,1,0,0,1,0,1,0,110000
798,0,1174.0,4.0,0,1926,25.330882352941178,820,2009.0,0,13518,104.0,860.0,78,5,9,0,103.74193548387096,2008,2009,1,0,0,0,0,1,1,0,0,1,0,0,485000
